date,amount,description
24/04/2025,1147.29,Engage cross-media platforms - Ref 5699
28/04/2025,1572.16,Implement virtual communities - Ref 4495
08/04/2025,3162.52,Morph e-business solutions - Ref 7802
11/02/2025,179.77,Deliver ubiquitous solutions - Ref 4040
10/03/2025,536.9,Embrace distributed platforms - Ref 7667
02/03/2025,4486.26,Evolve end-to-end e-tailers - Ref 1127
12/02/2025,3342.32,Strategize open-source communities - Ref 9437
06/03/2025,4172.47,Utilize dynamic initiatives - Ref 9828
03/05/2025,167.29,Integrate enterprise markets - Ref 8862
07/03/2025,1852.1,Maximize innovative architectures - Ref 2368
07/02/2025,850.48,Optimize leading-edge content - Ref 1712
27/02/2025,451.19,Engage vertical web-readiness - Ref 2469
02/05/2025,4235.88,Scale real-time metrics - Ref 9655
04/04/2025,796.7,Optimize wireless e-services - Ref 6669
11/04/2025,802.92,Grow collaborative users - Ref 3565
04/05/2025,4047.21,Drive plug-and-play e-markets - Ref 4002
29/04/2025,1108.17,Leverage collaborative convergence - Ref 9437
10/04/2025,2886.85,Leverage distributed applications - Ref 4074
20/04/2025,4542.53,Syndicate dynamic action-items - Ref 2505
18/03/2025,705.13,Generate cross-platform e-tailers - Ref 9281
04/04/2025,687.79,Architect integrated vortals - Ref 2063
29/03/2025,2878.77,Leverage b2c synergies - Ref 8569
13/04/2025,2734.3,Exploit efficient systems - Ref 7247
11/02/2025,1640.43,Unleash synergistic communities - Ref 3740
06/05/2025,990.53,Envisioneer virtual niches - Ref 3707
01/05/2025,4669.26,Aggregate robust roi - Ref 7555
08/04/2025,2770.58,Exploit web-enabled deliverables - Ref 6454
25/04/2025,3199.18,Benchmark dot-com e-tailers - Ref 1603
02/04/2025,4159.29,Matrix next-generation experiences - Ref 5426
15/04/2025,2173.56,Repurpose extensible action-items - Ref 8550
10/02/2025,3577.79,Deliver strategic models - Ref 7648
20/04/2025,3581.63,Drive one-to-one roi - Ref 4966
10/04/2025,4559.01,Syndicate dot-com models - Ref 4703
16/03/2025,1158.39,Expedite 24/7 technologies - Ref 8178
13/04/2025,3063.38,Orchestrate proactive e-commerce - Ref 5651
05/04/2025,142.25,Cultivate front-end solutions - Ref 2056
30/04/2025,2776.46,Optimize best-of-breed channels - Ref 2414
25/03/2025,3044.04,Iterate wireless vortals - Ref 6916
25/03/2025,3653.49,Unleash best-of-breed experiences - Ref 8374
06/03/2025,4711.78,Re-contextualize holistic info-mediaries - Ref 3503
25/03/2025,1566.56,Mesh collaborative vortals - Ref 2377
10/03/2025,923.57,Productize proactive interfaces - Ref 5422
02/04/2025,3427.24,Scale plug-and-play users - Ref 2202
06/03/2025,4156.14,Scale front-end functionalities - Ref 3266
31/03/2025,4239.85,Envisioneer enterprise e-commerce - Ref 3048
03/04/2025,4984.74,Synergize open-source solutions - Ref 6788
14/03/2025,2655.9,Envisioneer impactful architectures - Ref 9818
18/03/2025,961.3,Utilize one-to-one e-markets - Ref 5866
27/04/2025,3324.03,Matrix interactive e-business - Ref 1237
10/02/2025,3073.29,Empower mission-critical niches - Ref 7823
23/04/2025,3236.59,Exploit synergistic vortals - Ref 1435
11/02/2025,3091.73,Incubate open-source functionalities - Ref 4788
14/04/2025,739.32,Enhance e-business architectures - Ref 8408
17/04/2025,3705.55,Orchestrate clicks-and-mortar technologies - Ref 2721
07/02/2025,418.18,Expedite web-enabled bandwidth - Ref 5631
22/04/2025,3527.44,Unleash best-of-breed synergies - Ref 7553
28/03/2025,4828.06,Harness turn-key experiences - Ref 5121
18/03/2025,2054.62,Scale virtual partnerships - Ref 4626
24/04/2025,1374,Disintermediate interactive web-readiness - Ref 6439
13/02/2025,3239.37,Synthesize strategic channels - Ref 5692
09/03/2025,691.41,Aggregate out-of-the-box content - Ref 5031
14/04/2025,1102.71,Drive b2b synergies - Ref 5044
24/03/2025,2726.98,Synthesize ubiquitous technologies - Ref 3889
27/03/2025,2750.54,Utilize efficient bandwidth - Ref 3421
01/05/2025,2489.12,Facilitate magnetic models - Ref 4794
16/04/2025,3870.03,Facilitate next-generation markets - Ref 5873
03/03/2025,2617.96,Extend clicks-and-mortar paradigms - Ref 4586
15/02/2025,4529.84,Engineer distributed communities - Ref 9634
24/04/2025,174.1,Engage front-end deliverables - Ref 7507
12/04/2025,3268.43,Expedite viral deliverables - Ref 6216
10/02/2025,1473.49,Utilize next-generation content - Ref 6687
18/03/2025,1408.26,Engage robust experiences - Ref 7925
26/02/2025,557.03,Whiteboard front-end e-markets - Ref 2624
22/04/2025,3440.4,Matrix dynamic e-services - Ref 5314
02/05/2025,1955.57,Aggregate back-end info-mediaries - Ref 3369
17/03/2025,2328.14,Enable clicks-and-mortar platforms - Ref 1421
23/04/2025,1697.62,Optimize b2c portals - Ref 9865
02/04/2025,858.45,Morph scalable metrics - Ref 1170
03/03/2025,680.37,Cultivate viral infrastructures - Ref 2833
05/03/2025,3817.88,Orchestrate enterprise solutions - Ref 1050
20/03/2025,2470.03,Empower granular platforms - Ref 5950
19/03/2025,3399.21,Optimize mission-critical eyeballs - Ref 4644
19/02/2025,4787.31,Harness b2c relationships - Ref 4646
09/03/2025,2113.14,Target impactful action-items - Ref 2833
04/05/2025,3070.19,Aggregate vertical markets - Ref 7880
18/03/2025,2771.05,Target holistic web-readiness - Ref 6458
16/02/2025,935.69,Brand one-to-one content - Ref 8968
09/02/2025,3353.93,Matrix clicks-and-mortar methodologies - Ref 1943
19/02/2025,2601.65,Syndicate mission-critical technologies - Ref 8422
14/02/2025,1439.57,Transition dynamic metrics - Ref 1680
08/02/2025,2969.02,Utilize magnetic e-business - Ref 2727
25/03/2025,3371.74,Facilitate enterprise communities - Ref 8324
03/03/2025,3556.87,Facilitate rich portals - Ref 3694
01/05/2025,2847.35,E-enable visionary bandwidth - Ref 4337
22/03/2025,1699.75,Harness next-generation info-mediaries - Ref 3181
14/03/2025,2434.74,Synthesize vertical e-commerce - Ref 2919
20/02/2025,3600.14,Transform innovative vortals - Ref 3677
18/02/2025,4912.74,Empower turn-key platforms - Ref 4750
02/05/2025,368.6,Productize cutting-edge methodologies - Ref 7517
06/03/2025,753.06,Streamline out-of-the-box synergies - Ref 1478
09/03/2025,3984.46,Synthesize real-time mindshare - Ref 9671
22/04/2025,112.06,Monetize b2c experiences - Ref 1582
21/04/2025,3517.81,Mesh dot-com markets - Ref 2857
16/04/2025,3778.2,Revolutionize killer web-readiness - Ref 6455
03/05/2025,2926.33,Evolve clicks-and-mortar e-commerce - Ref 9070
06/04/2025,4331.1,Redefine value-added niches - Ref 2182
03/05/2025,2342.02,Enhance innovative methodologies - Ref 5312
19/04/2025,3342.37,Transition world-class experiences - Ref 4747
09/04/2025,3209.06,Extend next-generation metrics - Ref 9068
25/03/2025,1950.07,Strategize intuitive networks - Ref 7113
14/03/2025,4671.72,Incubate global users - Ref 9239
08/03/2025,3837.38,Unleash wireless web-readiness - Ref 4577
15/03/2025,3897.52,Incubate rich platforms - Ref 7525
27/04/2025,4005.1,Cultivate customized eyeballs - Ref 6274
27/03/2025,1793.52,Synthesize synergistic web services - Ref 3660
06/05/2025,2252.87,Incubate sticky users - Ref 1912
17/04/2025,1404.68,Streamline b2c deliverables - Ref 3983
08/03/2025,1593.21,Drive enterprise web services - Ref 2409
27/02/2025,1602.5,Drive distributed web-readiness - Ref 3258
13/03/2025,2701.08,Aggregate impactful models - Ref 8732
27/04/2025,771.53,Deliver cross-media markets - Ref 8620
09/04/2025,4643.57,Monetize 24/365 networks - Ref 9934
16/03/2025,3759.24,Optimize open-source models - Ref 5912
31/03/2025,878.03,Morph viral metrics - Ref 5417
22/02/2025,4442.98,Expedite extensible users - Ref 9483
27/02/2025,2398.78,Grow next-generation paradigms - Ref 5493
07/04/2025,387.3,Whiteboard innovative solutions - Ref 7750
05/03/2025,4465.65,Extend dynamic e-markets - Ref 4316
06/03/2025,1374.95,Synthesize 24/7 deliverables - Ref 6281
20/03/2025,4692.55,E-enable mission-critical communities - Ref 7506
14/03/2025,4728.61,Benchmark integrated users - Ref 5590
08/03/2025,3118.59,Harness intuitive models - Ref 3197
01/03/2025,1734.32,Strategize b2b convergence - Ref 4079
24/02/2025,2415.58,Extend mission-critical portals - Ref 7572
10/04/2025,3124.53,Facilitate vertical channels - Ref 4690
19/04/2025,2750.56,Transition collaborative bandwidth - Ref 4810
29/04/2025,1486.53,Productize b2b experiences - Ref 1685
13/03/2025,4506.84,Enhance ubiquitous portals - Ref 6947
27/03/2025,984.15,Reinvent killer mindshare - Ref 5833
07/05/2025,2874.81,Extend robust metrics - Ref 1435
19/02/2025,954.54,Target dynamic applications - Ref 7150
22/03/2025,1156.63,Matrix rich e-commerce - Ref 2565
04/04/2025,451.66,Embrace end-to-end infrastructures - Ref 6039
28/04/2025,913.47,Empower dot-com mindshare - Ref 9130
06/04/2025,3519.29,Seize viral eyeballs - Ref 3154
24/02/2025,1090.11,Target efficient relationships - Ref 6461
03/03/2025,3295.45,Drive wireless info-mediaries - Ref 4768
24/04/2025,2206.34,Extend vertical markets - Ref 1808
07/03/2025,3973.17,Facilitate turn-key interfaces - Ref 9283
26/03/2025,3146.64,Unleash cross-media paradigms - Ref 3843
20/02/2025,963.08,Streamline intuitive deliverables - Ref 1157
12/04/2025,798.89,Matrix seamless e-services - Ref 8157
03/03/2025,3478.35,Streamline turn-key networks - Ref 7650
26/03/2025,886.07,Syndicate mission-critical schemas - Ref 6150
08/02/2025,4997.75,Integrate cross-platform applications - Ref 2128
06/03/2025,4909.2,Envisioneer vertical content - Ref 6780
07/04/2025,807.06,Re-intermediate magnetic metrics - Ref 5483
28/02/2025,4567.87,Iterate scalable users - Ref 4321
21/02/2025,2314.57,Scale compelling infrastructures - Ref 7171
21/02/2025,3329.08,Productize viral e-services - Ref 6346
19/02/2025,2377.66,Enable bleeding-edge portals - Ref 5700
01/05/2025,4850.58,Enhance ubiquitous deliverables - Ref 2462
17/04/2025,3703.22,Exploit front-end channels - Ref 1214
21/03/2025,3033.9,Matrix compelling functionalities - Ref 7322
26/03/2025,4898.5,Exploit global interfaces - Ref 1360
07/02/2025,3514.54,Generate enterprise applications - Ref 8953
16/02/2025,3596.79,Streamline end-to-end networks - Ref 6414
28/02/2025,1034.7,Engineer strategic e-commerce - Ref 5783
26/02/2025,568.94,E-enable killer content - Ref 4478
26/04/2025,2483.81,Engage world-class networks - Ref 7730
03/03/2025,390.51,Repurpose value-added roi - Ref 7142
24/04/2025,1101.12,Syndicate web-enabled initiatives - Ref 1184
27/03/2025,774.8,Facilitate one-to-one synergies - Ref 1251
01/05/2025,1220.6,Synergize e-business networks - Ref 1854
12/02/2025,104.78,Redefine open-source e-business - Ref 6962
13/03/2025,3465.93,Benchmark vertical action-items - Ref 9761
14/04/2025,3032.77,Incubate seamless action-items - Ref 6122
04/05/2025,781.67,Productize best-of-breed supply-chains - Ref 1775
22/03/2025,3543.8,Monetize best-of-breed web services - Ref 6738
07/02/2025,1400.94,Mesh plug-and-play solutions - Ref 8804
26/04/2025,434,Aggregate one-to-one interfaces - Ref 4012
08/02/2025,4694.53,Orchestrate integrated content - Ref 3263
12/03/2025,2401.48,Mesh turn-key e-business - Ref 5682
17/03/2025,3192.52,Engage best-of-breed supply-chains - Ref 7607
13/04/2025,2518.98,Whiteboard b2b e-tailers - Ref 5346
28/04/2025,4933.37,Visualize end-to-end e-commerce - Ref 9461
12/04/2025,1782.14,Monetize end-to-end experiences - Ref 4549
25/04/2025,1148.99,Redefine synergistic niches - Ref 2878
20/02/2025,3135.95,Optimize back-end initiatives - Ref 9154
15/03/2025,4310.15,Streamline integrated partnerships - Ref 5147
21/04/2025,1006.05,Redefine intuitive partnerships - Ref 5348
23/04/2025,4231.01,Generate best-of-breed methodologies - Ref 4693
15/04/2025,3620.68,Grow bricks-and-clicks e-business - Ref 1706
05/04/2025,2350.41,Synergize dot-com eyeballs - Ref 4462
15/03/2025,788.15,Repurpose e-business eyeballs - Ref 2933
13/04/2025,355.21,Orchestrate web-enabled bandwidth - Ref 7983
09/04/2025,3491.17,Deliver web-enabled metrics - Ref 1799
30/04/2025,3662.31,Brand sticky models - Ref 3401
09/03/2025,4441.64,Facilitate revolutionary markets - Ref 6904
04/05/2025,4331.49,Utilize innovative e-tailers - Ref 6236
27/04/2025,3709.2,Cultivate bleeding-edge info-mediaries - Ref 8145
10/03/2025,413.84,Deliver plug-and-play synergies - Ref 4616
28/03/2025,1399.39,Facilitate mission-critical schemas - Ref 6108
18/03/2025,1421.4,Target 24/365 roi - Ref 1345
13/02/2025,997.05,Target bleeding-edge roi - Ref 7185
25/02/2025,2215.22,Leverage out-of-the-box relationships - Ref 5758
13/04/2025,3869.25,Repurpose ubiquitous relationships - Ref 1306
28/04/2025,3027.49,Seize cross-platform deliverables - Ref 9404
23/03/2025,2112.24,Extend customized schemas - Ref 9438
23/02/2025,3500.76,Utilize synergistic synergies - Ref 5113
07/03/2025,1592.51,Cultivate next-generation roi - Ref 8051
23/02/2025,4080.72,Disintermediate vertical partnerships - Ref 4976
03/03/2025,4353.62,Unleash cutting-edge supply-chains - Ref 3923
17/02/2025,1605.76,Repurpose virtual e-business - Ref 7250
07/04/2025,4318.95,Orchestrate b2b networks - Ref 6544
31/03/2025,3717.77,Incubate synergistic architectures - Ref 7885
02/04/2025,4245.09,Brand holistic web-readiness - Ref 2458
14/02/2025,3531.92,Incentivize magnetic partnerships - Ref 5804
05/04/2025,1679.24,Visualize distributed markets - Ref 9928
29/03/2025,3053.54,Productize intuitive communities - Ref 1374
28/04/2025,4046.84,Aggregate value-added infrastructures - Ref 4521
19/02/2025,1750.53,Engage strategic e-tailers - Ref 1258
16/04/2025,1553.92,Reinvent bricks-and-clicks mindshare - Ref 7816
19/02/2025,1166.65,Orchestrate efficient e-business - Ref 2319
18/02/2025,2126.59,Synergize real-time models - Ref 5169
02/04/2025,134.81,Strategize 24/365 architectures - Ref 4791
31/03/2025,3752.72,Orchestrate e-business synergies - Ref 1392
23/03/2025,3048.98,Re-intermediate revolutionary markets - Ref 8831
01/05/2025,1872.79,Seize seamless channels - Ref 8884
19/02/2025,2564.73,Re-contextualize magnetic applications - Ref 7464
07/05/2025,1717.77,Maximize revolutionary info-mediaries - Ref 3463
13/02/2025,301.73,Cultivate frictionless interfaces - Ref 8704
15/03/2025,4367.38,Deliver revolutionary synergies - Ref 9457
10/04/2025,780.27,Grow enterprise schemas - Ref 7361
03/04/2025,2169.85,Iterate scalable partnerships - Ref 8439
25/04/2025,1820.64,Revolutionize bleeding-edge e-commerce - Ref 2518
11/03/2025,4135.55,Deploy compelling systems - Ref 6926
11/02/2025,490.27,Integrate sticky action-items - Ref 4669
29/04/2025,1381.86,Transition strategic mindshare - Ref 5668
23/04/2025,2726.92,Repurpose best-of-breed methodologies - Ref 1518
09/03/2025,1390.25,Morph synergistic roi - Ref 7207
31/03/2025,255.1,Morph distributed communities - Ref 1989
10/03/2025,4296.8,Maximize mission-critical applications - Ref 1342
18/04/2025,389.88,Seize best-of-breed platforms - Ref 8453
13/04/2025,2035.67,Reinvent efficient methodologies - Ref 4822
08/03/2025,1645.66,Engineer world-class users - Ref 5687
21/03/2025,3910.82,Transition cross-platform supply-chains - Ref 9540
11/02/2025,1180.98,Disintermediate viral niches - Ref 5613
14/03/2025,852.93,Evolve open-source networks - Ref 3616
04/05/2025,4444.64,Drive holistic roi - Ref 9476
03/03/2025,3203.1,Scale holistic platforms - Ref 1515
02/04/2025,3980.55,Re-intermediate proactive convergence - Ref 3523
10/02/2025,2539.28,Morph proactive communities - Ref 3708
04/04/2025,1551.99,Re-intermediate open-source functionalities - Ref 1681
27/04/2025,3925.81,E-enable user-centric technologies - Ref 7516
19/02/2025,659.08,Exploit synergistic action-items - Ref 2763
05/03/2025,2934.06,Strategize compelling systems - Ref 4397
08/02/2025,4756.77,E-enable one-to-one action-items - Ref 2559
09/03/2025,4960.21,Mesh clicks-and-mortar methodologies - Ref 3137
23/02/2025,3050.73,Leverage revolutionary applications - Ref 6430
17/02/2025,2721.04,Synergize real-time methodologies - Ref 3027
06/05/2025,567.15,Benchmark front-end markets - Ref 3732
18/03/2025,2167.45,Engage b2b paradigms - Ref 6391
21/02/2025,427.82,Engage synergistic roi - Ref 6111
01/04/2025,4812.04,Enhance e-business info-mediaries - Ref 2950
12/02/2025,1208.99,Facilitate transparent methodologies - Ref 6991
18/03/2025,4963.15,Deliver open-source niches - Ref 5164
07/03/2025,2591.11,Implement virtual convergence - Ref 4372
01/03/2025,4220.77,Target granular action-items - Ref 9792
15/03/2025,1480.92,Morph out-of-the-box deliverables - Ref 9209
02/03/2025,2212.48,Maximize value-added bandwidth - Ref 9715
03/04/2025,185.8,Productize global deliverables - Ref 5103
10/02/2025,1858.69,Syndicate vertical mindshare - Ref 6532
28/02/2025,2136.77,Syndicate extensible markets - Ref 5593
17/04/2025,4192.44,Matrix intuitive web services - Ref 7092
11/02/2025,1079.03,Visualize back-end channels - Ref 9140
19/04/2025,2722.5,Integrate magnetic applications - Ref 7855
02/03/2025,581.46,Architect strategic convergence - Ref 7768
26/04/2025,2771.79,E-enable front-end interfaces - Ref 1387
15/03/2025,1665.77,Drive web-enabled mindshare - Ref 8030
12/02/2025,4338.23,Synthesize synergistic convergence - Ref 6365
14/03/2025,3944.84,Reinvent magnetic metrics - Ref 1687
08/03/2025,2471.3,Transform 24/7 experiences - Ref 6394
22/02/2025,2405.76,Cultivate scalable relationships - Ref 1492
14/04/2025,978.8,Re-intermediate innovative initiatives - Ref 4854
20/04/2025,2695.23,Revolutionize clicks-and-mortar functionalities - Ref 5398
20/03/2025,366.13,Leverage open-source schemas - Ref 9230
18/03/2025,2520.45,Expedite vertical applications - Ref 5367
18/02/2025,1234.47,Implement leading-edge e-services - Ref 6354
10/02/2025,3775.81,Architect innovative applications - Ref 8296
10/03/2025,2893.64,Facilitate bleeding-edge synergies - Ref 6958
26/02/2025,2509.39,Re-intermediate virtual relationships - Ref 7288
11/03/2025,3344.55,Empower revolutionary deliverables - Ref 5735
22/02/2025,1533.83,Facilitate dot-com markets - Ref 7088
27/03/2025,4190.32,Streamline virtual e-commerce - Ref 2097
13/04/2025,2446.89,Iterate revolutionary mindshare - Ref 1587
04/05/2025,2523.8,Strategize e-business technologies - Ref 2587
03/05/2025,4971.93,Implement killer vortals - Ref 6793
29/03/2025,2091.29,Engineer b2b methodologies - Ref 3823
13/03/2025,4885.48,Re-intermediate back-end vortals - Ref 4131
09/02/2025,2558.87,Seize transparent methodologies - Ref 3065
17/04/2025,4691.72,Productize end-to-end eyeballs - Ref 3924
05/05/2025,3220.08,Re-contextualize b2c mindshare - Ref 2695
12/02/2025,3986.99,Unleash cutting-edge users - Ref 1856
05/04/2025,1168.4,Exploit value-added functionalities - Ref 7017
01/05/2025,847.06,Disintermediate b2c niches - Ref 2332
05/05/2025,2041.22,Benchmark interactive action-items - Ref 9591
24/04/2025,2784.82,Harness rich e-tailers - Ref 7248
30/03/2025,1706.77,Syndicate customized models - Ref 1547
22/02/2025,4972.55,Synergize robust interfaces - Ref 9419
12/02/2025,4451.43,Repurpose extensible eyeballs - Ref 9211
17/02/2025,3214.68,Mesh one-to-one markets - Ref 8081
13/03/2025,1196.59,Synthesize distributed e-business - Ref 4236
10/04/2025,1300.98,Extend granular action-items - Ref 3575
17/04/2025,2423.7,Syndicate sticky synergies - Ref 5900
17/02/2025,700.66,Redefine bleeding-edge eyeballs - Ref 6705
08/04/2025,815.14,Syndicate transparent initiatives - Ref 4534
20/03/2025,1409.6,Expedite user-centric architectures - Ref 3974
16/03/2025,4010.84,Integrate global infrastructures - Ref 7152
20/04/2025,845.97,Orchestrate visionary interfaces - Ref 3383
03/03/2025,2189.05,Scale b2b metrics - Ref 9070
17/02/2025,4890.45,Scale cutting-edge platforms - Ref 6993
08/04/2025,3800.78,Matrix b2c methodologies - Ref 8546
17/02/2025,3744.98,Harness holistic solutions - Ref 3009
27/04/2025,1471.07,Streamline visionary content - Ref 4351
12/02/2025,1332.92,Repurpose enterprise deliverables - Ref 4070
05/03/2025,3524.3,Engage best-of-breed action-items - Ref 4000
02/04/2025,1339.12,Matrix value-added niches - Ref 8391
03/04/2025,3265.62,Re-intermediate bricks-and-clicks systems - Ref 9441
12/04/2025,3058.53,Integrate back-end e-services - Ref 5674
13/03/2025,969.11,Benchmark scalable functionalities - Ref 3770
13/04/2025,632.31,Embrace next-generation infrastructures - Ref 9742
05/04/2025,3086.34,Incentivize frictionless e-business - Ref 1755
15/04/2025,4451.84,E-enable seamless e-services - Ref 2623
07/05/2025,436.97,Engineer front-end applications - Ref 6963
26/04/2025,157.78,Enhance open-source bandwidth - Ref 2942
25/03/2025,2203.01,Orchestrate enterprise users - Ref 9527
10/03/2025,4723.65,Incubate scalable technologies - Ref 8505
30/04/2025,2931.48,Grow transparent roi - Ref 6075
24/04/2025,3638.89,Synergize rich initiatives - Ref 5925
22/03/2025,742.29,Cultivate best-of-breed infrastructures - Ref 4504
05/04/2025,1835.94,Redefine rich communities - Ref 3640
12/02/2025,967.95,Engineer e-business supply-chains - Ref 4993
21/02/2025,1288.96,Unleash innovative experiences - Ref 5124
24/04/2025,311.38,Evolve distributed eyeballs - Ref 3518
08/02/2025,3266.47,Embrace e-business e-business - Ref 9290
22/03/2025,1995.08,Synthesize one-to-one functionalities - Ref 9099
05/03/2025,485.9,Strategize next-generation roi - Ref 1933
07/02/2025,2819.14,Harness front-end deliverables - Ref 9051
16/02/2025,3617.98,Evolve cutting-edge functionalities - Ref 1110
26/04/2025,3836.17,Morph open-source niches - Ref 5540
24/04/2025,3236.8,Drive plug-and-play metrics - Ref 2207
02/04/2025,4465.82,Syndicate cross-platform architectures - Ref 8201
03/05/2025,4268.84,Repurpose turn-key systems - Ref 8047
02/05/2025,3283.37,Architect end-to-end roi - Ref 7425
28/02/2025,1704.65,Incentivize virtual supply-chains - Ref 8359
19/04/2025,1771.51,Incubate one-to-one vortals - Ref 2242
21/03/2025,1317.08,Seize transparent metrics - Ref 2467
14/02/2025,1489.82,Engage leading-edge action-items - Ref 2264
03/05/2025,4303.16,Visualize plug-and-play vortals - Ref 5902
15/04/2025,3376.2,Target innovative functionalities - Ref 6546
15/04/2025,4280.03,Deploy sticky communities - Ref 7592
08/03/2025,4830.63,Redefine back-end e-tailers - Ref 1615
24/04/2025,4694.16,Iterate open-source niches - Ref 6666
29/04/2025,1757.95,Architect ubiquitous communities - Ref 2616
16/03/2025,3609.25,Generate 24/7 convergence - Ref 1168
06/05/2025,100.2,Monetize open-source communities - Ref 4693
11/03/2025,1428.15,Morph viral synergies - Ref 1761
17/02/2025,2878.65,Enable synergistic platforms - Ref 5937
10/03/2025,777.59,Brand b2b info-mediaries - Ref 2695
01/04/2025,1642.22,Innovate enterprise web services - Ref 8583
06/05/2025,3712.47,Re-intermediate 24/365 content - Ref 6693
21/02/2025,1489.42,Expedite collaborative deliverables - Ref 1185
27/02/2025,731.81,Iterate e-business e-commerce - Ref 5919
15/04/2025,783.66,Streamline interactive initiatives - Ref 5659
05/05/2025,4155.45,Monetize frictionless architectures - Ref 3075
07/02/2025,4369.61,Deploy back-end infrastructures - Ref 9696
26/02/2025,3447.18,Monetize b2b mindshare - Ref 2721
23/04/2025,2862.26,Orchestrate value-added interfaces - Ref 8665
09/04/2025,1431.73,Repurpose integrated portals - Ref 9060
11/02/2025,4578.2,Incentivize dot-com e-commerce - Ref 2356
03/03/2025,2664.1,Disintermediate innovative interfaces - Ref 6562
12/03/2025,1209.56,Benchmark killer e-tailers - Ref 2170
06/04/2025,3722.42,Redefine dynamic supply-chains - Ref 7635
29/03/2025,2530.69,Mesh extensible eyeballs - Ref 1626
24/03/2025,1858.85,Generate visionary experiences - Ref 9456
27/03/2025,4578.25,Empower plug-and-play architectures - Ref 2693
29/04/2025,787.18,Cultivate enterprise convergence - Ref 6872
01/04/2025,3763.51,Incubate out-of-the-box action-items - Ref 9001
26/02/2025,190.8,Utilize global markets - Ref 3010
16/03/2025,2531.9,Architect bricks-and-clicks architectures - Ref 4336
17/04/2025,820.97,Cultivate back-end synergies - Ref 3004
07/03/2025,2181.83,Generate clicks-and-mortar web-readiness - Ref 7446
07/02/2025,474.16,Drive front-end e-services - Ref 7400
03/04/2025,4174.76,Monetize granular markets - Ref 5917
07/03/2025,558.1,Cultivate proactive technologies - Ref 2021
16/04/2025,1700.87,Generate ubiquitous channels - Ref 7696
29/04/2025,885.79,Disintermediate bleeding-edge technologies - Ref 8159
21/04/2025,2779.28,Revolutionize intuitive content - Ref 7716
22/03/2025,2616.86,Deliver virtual applications - Ref 4339
26/02/2025,4382.91,Embrace next-generation systems - Ref 4226
21/02/2025,2057.88,Evolve customized e-markets - Ref 6185
05/05/2025,4896.81,Utilize enterprise roi - Ref 2112
05/03/2025,2908.54,Visualize enterprise platforms - Ref 2360
04/03/2025,3039.36,Architect enterprise partnerships - Ref 1594
15/02/2025,2433.47,Integrate world-class action-items - Ref 6002
26/03/2025,2644.79,Morph seamless relationships - Ref 5570
16/04/2025,1539.31,Orchestrate seamless infrastructures - Ref 5888
07/05/2025,2340.93,Extend mission-critical networks - Ref 9220
13/04/2025,2803.75,E-enable holistic bandwidth - Ref 3318
02/04/2025,1622.49,Utilize collaborative markets - Ref 1876
10/03/2025,823.75,Brand visionary channels - Ref 6403
13/02/2025,4813.99,Morph magnetic niches - Ref 7615
09/02/2025,2105.02,Revolutionize proactive technologies - Ref 8137
24/04/2025,671.8,Benchmark transparent vortals - Ref 9016
16/02/2025,4513.08,Strategize integrated schemas - Ref 8962
05/05/2025,279.19,Iterate seamless web services - Ref 4575
04/03/2025,1752.66,Transition world-class users - Ref 1888
17/02/2025,3083.6,Syndicate cross-media markets - Ref 4928
07/03/2025,3531.82,Drive frictionless metrics - Ref 6735
09/03/2025,1554.2,Deliver integrated networks - Ref 7385
30/04/2025,3034.85,Implement real-time relationships - Ref 2984
01/04/2025,2257.03,Generate best-of-breed supply-chains - Ref 3671
28/03/2025,2879.99,Mesh real-time mindshare - Ref 5516
24/03/2025,1632.58,Leverage cross-media metrics - Ref 2840
10/02/2025,560.85,Mesh wireless e-commerce - Ref 6124
18/04/2025,2734.38,Harness plug-and-play platforms - Ref 3596
25/04/2025,3012.52,Extend transparent methodologies - Ref 9056
13/03/2025,3895.66,Whiteboard magnetic content - Ref 4316
17/04/2025,1649.12,Incubate granular convergence - Ref 3410
17/02/2025,2036.03,Utilize back-end web-readiness - Ref 3287
17/03/2025,1214.15,Incubate 24/365 solutions - Ref 4401
15/04/2025,1879.78,Engage next-generation action-items - Ref 4021
25/04/2025,371.85,Maximize b2b architectures - Ref 1945
28/04/2025,4891.77,Empower real-time niches - Ref 8460
19/04/2025,637.52,Engineer real-time eyeballs - Ref 3815
07/05/2025,4426.76,Whiteboard transparent partnerships - Ref 8084
27/04/2025,1191.91,Syndicate synergistic e-tailers - Ref 9602
16/03/2025,3859.81,Harness distributed bandwidth - Ref 2691
15/03/2025,2343.6,Leverage strategic initiatives - Ref 5408
19/02/2025,3866.71,Deploy next-generation convergence - Ref 7677
17/02/2025,3965.09,Matrix seamless schemas - Ref 9819
13/02/2025,3513.35,Productize turn-key e-commerce - Ref 4090
10/04/2025,1220.62,Envisioneer magnetic vortals - Ref 9778
03/03/2025,2586.69,Synergize compelling action-items - Ref 9701
14/02/2025,4994.97,Re-contextualize b2c methodologies - Ref 8297
10/04/2025,1667.41,Integrate open-source metrics - Ref 1812
30/03/2025,2725.6,Incentivize transparent relationships - Ref 6737
10/02/2025,2009.83,Enhance rich niches - Ref 7853
12/02/2025,3589.78,Leverage killer methodologies - Ref 8214
19/04/2025,3378.49,Incentivize robust eyeballs - Ref 4755
31/03/2025,4832.69,Embrace killer metrics - Ref 4858
13/03/2025,2322.06,Redefine user-centric content - Ref 9453
07/05/2025,4065.28,Leverage virtual bandwidth - Ref 9075
14/02/2025,1989.21,Repurpose cross-platform deliverables - Ref 4360
06/05/2025,443.14,Productize ubiquitous relationships - Ref 7182
18/04/2025,113.48,Harness customized eyeballs - Ref 6353
22/03/2025,3315.32,Repurpose collaborative synergies - Ref 6935
15/03/2025,4447.63,Synergize visionary infrastructures - Ref 7639
08/03/2025,3873.39,Whiteboard dot-com schemas - Ref 9789
28/03/2025,2224.39,Matrix killer web-readiness - Ref 9627
03/03/2025,3220.89,Re-contextualize distributed applications - Ref 9825
17/02/2025,347.56,Enable robust paradigms - Ref 9721
05/03/2025,1128.96,Productize user-centric infrastructures - Ref 5687
20/03/2025,1679.06,Monetize strategic technologies - Ref 8137
09/02/2025,2806.99,Transform customized initiatives - Ref 8433
27/03/2025,1466.48,Empower back-end synergies - Ref 1424
06/05/2025,4566.88,Leverage web-enabled methodologies - Ref 5772
09/03/2025,3542.16,Engineer innovative e-tailers - Ref 4642
02/05/2025,2914.71,Disintermediate sticky channels - Ref 9518
31/03/2025,1953.33,Seize plug-and-play e-services - Ref 4694
03/03/2025,2872.25,Engage intuitive e-markets - Ref 5880
28/03/2025,2473.37,Envisioneer cutting-edge applications - Ref 5786
10/02/2025,3602.31,Redefine turn-key partnerships - Ref 9979
22/04/2025,2489.88,Incentivize dynamic models - Ref 4653
27/03/2025,3681.6,Orchestrate holistic experiences - Ref 8062
13/04/2025,4562.14,Evolve transparent solutions - Ref 8678
05/04/2025,3164.84,Innovate dot-com web-readiness - Ref 5489
22/02/2025,4598.45,Cultivate sticky schemas - Ref 9564
04/04/2025,1773.29,Strategize innovative systems - Ref 7510
24/03/2025,4109.5,Enhance virtual action-items - Ref 5329
14/03/2025,3045.29,Synergize transparent interfaces - Ref 5471
05/03/2025,149.66,Visualize bleeding-edge relationships - Ref 4012
15/03/2025,1064.46,Grow wireless info-mediaries - Ref 6971
06/03/2025,3290.33,Embrace end-to-end functionalities - Ref 6020
27/03/2025,3495.54,Generate innovative mindshare - Ref 4818
03/04/2025,4116.71,Enable plug-and-play relationships - Ref 9805
24/04/2025,276.93,Facilitate cutting-edge web-readiness - Ref 2850
23/04/2025,1094.81,Reinvent bleeding-edge technologies - Ref 5711
10/03/2025,2703.86,Iterate robust networks - Ref 2739
14/03/2025,4016.07,Enable revolutionary markets - Ref 6540
10/02/2025,3964.95,Incubate out-of-the-box e-business - Ref 6807
02/03/2025,4505.99,Innovate out-of-the-box deliverables - Ref 8167
25/02/2025,2831.51,Extend open-source networks - Ref 1221
30/04/2025,4222.98,Engineer vertical models - Ref 4403
27/02/2025,3474.95,Empower bleeding-edge niches - Ref 4260
22/03/2025,4629.38,Orchestrate granular e-markets - Ref 7013
27/03/2025,2848.51,Enhance integrated methodologies - Ref 8341
02/04/2025,4621.87,Target scalable e-tailers - Ref 3191
03/05/2025,1028.32,Embrace extensible mindshare - Ref 1810
04/05/2025,616.74,Cultivate best-of-breed e-tailers - Ref 1544
29/03/2025,2573.15,Engage cross-platform web services - Ref 5316
22/03/2025,2996.08,Streamline synergistic models - Ref 9286
09/04/2025,3774.11,Syndicate value-added relationships - Ref 9970
14/02/2025,3962.3,Expedite 24/365 synergies - Ref 8054
03/04/2025,1856.78,Incubate turn-key experiences - Ref 7805
07/05/2025,2720.8,Harness seamless bandwidth - Ref 2581
14/02/2025,4182.44,Facilitate robust architectures - Ref 6509
30/03/2025,934.99,Productize web-enabled architectures - Ref 4337
07/05/2025,4580.58,Re-intermediate frictionless supply-chains - Ref 4379
28/03/2025,4033.16,Benchmark end-to-end eyeballs - Ref 3505
27/03/2025,2770.96,Revolutionize transparent vortals - Ref 3570
19/03/2025,2190.39,Brand plug-and-play solutions - Ref 1834
03/03/2025,1231.2,Scale cutting-edge action-items - Ref 5279
07/04/2025,3486.79,Benchmark dynamic markets - Ref 9508
21/03/2025,2526.99,Target open-source channels - Ref 5526
04/03/2025,197.49,Utilize bleeding-edge roi - Ref 2136
16/03/2025,1195.81,Reinvent plug-and-play portals - Ref 6596
03/04/2025,4394.49,Envisioneer transparent web services - Ref 8676
06/04/2025,1879.71,Scale viral technologies - Ref 7768
08/04/2025,2141.46,Brand clicks-and-mortar initiatives - Ref 4358
09/03/2025,4981.93,Incubate robust platforms - Ref 2920
12/02/2025,3649.94,Enhance web-enabled bandwidth - Ref 4748
02/05/2025,3213.88,Maximize value-added technologies - Ref 1719
19/02/2025,3632.78,Seize compelling metrics - Ref 4884
04/04/2025,2982.51,Aggregate holistic systems - Ref 3210
18/02/2025,2288.43,Optimize next-generation e-tailers - Ref 5750
20/03/2025,3420.73,Transform back-end niches - Ref 1906
27/02/2025,3657,Reinvent dynamic web services - Ref 7513
10/03/2025,4074.79,Extend out-of-the-box convergence - Ref 7533
03/04/2025,4732.71,Revolutionize seamless e-business - Ref 1004
11/04/2025,2265.02,Synthesize customized portals - Ref 3470
14/04/2025,4273.72,Generate e-business paradigms - Ref 6437
29/04/2025,2873.63,Optimize e-business metrics - Ref 4036
01/03/2025,3265.7,Visualize transparent portals - Ref 4369
07/05/2025,3433.15,Facilitate intuitive relationships - Ref 1724
02/03/2025,214.99,Scale bleeding-edge niches - Ref 4890
26/04/2025,1801.7,Mesh viral web services - Ref 3547
27/04/2025,3469.92,Mesh out-of-the-box systems - Ref 2049
26/04/2025,3839.91,Repurpose vertical applications - Ref 8011
29/04/2025,2841.6,Implement efficient vortals - Ref 2692
25/03/2025,4071.53,Extend bleeding-edge info-mediaries - Ref 3774
03/03/2025,1240.12,Generate efficient experiences - Ref 8313
05/04/2025,4593.94,Transform mission-critical functionalities - Ref 2406
10/02/2025,3409.74,Exploit real-time infrastructures - Ref 7192
17/04/2025,1352.42,Revolutionize leading-edge web services - Ref 5677
17/04/2025,4021.78,Strategize cross-media interfaces - Ref 3777
14/03/2025,1950.75,Deploy strategic platforms - Ref 8109
13/02/2025,568.19,Deploy virtual initiatives - Ref 8581
11/02/2025,1128.91,Revolutionize plug-and-play systems - Ref 9489
18/03/2025,4143.6,Harness back-end web services - Ref 6906
06/03/2025,2590.51,Scale cutting-edge communities - Ref 1560
09/04/2025,1518.26,Innovate back-end action-items - Ref 3172
13/02/2025,2417.92,Generate front-end experiences - Ref 3911
07/04/2025,1126.34,Visualize clicks-and-mortar e-markets - Ref 4511
27/04/2025,4489.41,Optimize real-time metrics - Ref 8691
02/05/2025,2672.03,Envisioneer leading-edge action-items - Ref 7702
06/03/2025,4414.49,Expedite granular applications - Ref 3053
14/04/2025,3968.17,Engineer front-end mindshare - Ref 5378
17/04/2025,299.04,Deploy next-generation supply-chains - Ref 7735
24/04/2025,2364.96,Exploit web-enabled paradigms - Ref 1279
11/03/2025,2579.38,Syndicate visionary solutions - Ref 6863
18/04/2025,2556.44,Leverage mission-critical niches - Ref 8956
20/04/2025,3134.1,Implement synergistic content - Ref 7156
30/04/2025,1445.47,Transition front-end methodologies - Ref 3893
08/03/2025,4116.9,Exploit holistic e-commerce - Ref 4217
29/04/2025,4284.98,Synergize back-end applications - Ref 4680
03/04/2025,1060.94,Integrate leading-edge portals - Ref 3424
13/02/2025,4122.27,Brand plug-and-play infrastructures - Ref 6684
20/02/2025,1570.58,Orchestrate wireless models - Ref 2064
14/02/2025,553.72,Re-contextualize 24/7 e-commerce - Ref 4683
23/02/2025,3207.16,Brand real-time communities - Ref 3101
01/04/2025,2312.12,Repurpose rich initiatives - Ref 9017
29/03/2025,4382.09,Harness revolutionary niches - Ref 1111
10/02/2025,834.49,Re-contextualize b2b content - Ref 9097
21/04/2025,3454.18,E-enable mission-critical schemas - Ref 2136
01/03/2025,622.87,Orchestrate bleeding-edge bandwidth - Ref 3782
07/03/2025,4954.11,Synthesize magnetic web-readiness - Ref 7477
07/03/2025,308.29,E-enable revolutionary platforms - Ref 2168
24/02/2025,1197.43,Matrix out-of-the-box e-commerce - Ref 6539
30/04/2025,4441.89,Seize cross-media schemas - Ref 8198
28/04/2025,1698.35,Redefine cross-platform interfaces - Ref 3577
18/03/2025,4353.05,Syndicate innovative bandwidth - Ref 3654
08/03/2025,3008.1,Reinvent collaborative mindshare - Ref 9535
21/04/2025,3812.09,Harness cross-platform deliverables - Ref 8951
14/02/2025,4714.92,Revolutionize world-class e-tailers - Ref 9314
22/04/2025,3146.52,Facilitate sticky e-services - Ref 2031
30/03/2025,2922.7,Exploit intuitive e-commerce - Ref 5940
26/03/2025,3441.74,Enhance dynamic content - Ref 7895
11/02/2025,2375.55,Revolutionize innovative paradigms - Ref 6107
24/03/2025,1192.47,Leverage dynamic initiatives - Ref 2833
09/04/2025,4202.65,Synthesize cutting-edge solutions - Ref 5990
14/02/2025,3695.75,Orchestrate next-generation experiences - Ref 3150
01/04/2025,3221.56,Innovate distributed solutions - Ref 3450
10/02/2025,994.14,Grow scalable info-mediaries - Ref 6386
17/04/2025,393.48,Matrix bleeding-edge markets - Ref 6188
29/03/2025,3392.92,Generate seamless e-business - Ref 3392
19/04/2025,900.97,Synergize 24/365 functionalities - Ref 3258
29/04/2025,3334.33,Utilize cutting-edge networks - Ref 7953
19/03/2025,3489.44,Monetize ubiquitous convergence - Ref 1174
20/02/2025,4854.74,Expedite front-end vortals - Ref 9714
22/04/2025,2111.39,Drive one-to-one functionalities - Ref 4051
18/04/2025,1184.65,Unleash interactive interfaces - Ref 3373
16/03/2025,4558.88,Engineer dot-com metrics - Ref 6100
25/02/2025,2023.31,Benchmark 24/7 systems - Ref 8725
22/03/2025,4489.22,Repurpose best-of-breed solutions - Ref 6657
23/04/2025,3724.38,Monetize best-of-breed synergies - Ref 5937
12/02/2025,1482.36,Exploit compelling action-items - Ref 4225
28/02/2025,3226.69,Transform synergistic networks - Ref 3041
22/04/2025,1878.23,Architect turn-key e-commerce - Ref 9816
14/02/2025,2385,Aggregate e-business platforms - Ref 8860
22/02/2025,2768.81,Re-contextualize strategic e-tailers - Ref 3017
07/03/2025,3178.64,Generate impactful interfaces - Ref 3791
24/04/2025,2769.84,Grow compelling systems - Ref 8732
14/03/2025,3602.36,Embrace user-centric paradigms - Ref 9866
07/02/2025,1596.27,Re-intermediate mission-critical vortals - Ref 1094
23/02/2025,4584.75,Enable killer info-mediaries - Ref 5974
11/03/2025,3036.99,Re-contextualize next-generation deliverables - Ref 2146
27/03/2025,1582.82,Synthesize front-end e-services - Ref 4741
20/03/2025,2681.76,Facilitate intuitive web-readiness - Ref 6922
25/03/2025,2141.09,Innovate interactive paradigms - Ref 9956
07/05/2025,3171.85,Seize world-class initiatives - Ref 1644
26/03/2025,4063.89,Utilize turn-key solutions - Ref 5499
08/04/2025,1065.84,Drive visionary architectures - Ref 3204
25/03/2025,2680.99,Deliver user-centric info-mediaries - Ref 9119
26/02/2025,4577.75,Embrace bricks-and-clicks roi - Ref 3085
15/04/2025,3589.45,Syndicate back-end e-commerce - Ref 7314
23/02/2025,1611.16,Scale visionary supply-chains - Ref 4367
07/03/2025,3295.96,Deliver granular eyeballs - Ref 2169
24/02/2025,863.92,Whiteboard holistic info-mediaries - Ref 3667
01/04/2025,2334.38,Incubate frictionless markets - Ref 8667
17/04/2025,2475.01,Transform transparent bandwidth - Ref 5050
08/02/2025,3904.99,Enhance interactive info-mediaries - Ref 3534
04/03/2025,2098.27,Orchestrate bleeding-edge partnerships - Ref 9729
28/02/2025,4389.26,Innovate revolutionary methodologies - Ref 7191
16/03/2025,4542.88,Generate plug-and-play users - Ref 4951
17/02/2025,4598.21,Architect real-time bandwidth - Ref 1509
05/04/2025,2897.92,Iterate efficient networks - Ref 6633
15/02/2025,3131.53,Orchestrate scalable supply-chains - Ref 7590
14/03/2025,220.55,Brand visionary e-services - Ref 2138
01/05/2025,4047.06,Architect open-source eyeballs - Ref 2413
19/03/2025,896.91,Deliver back-end paradigms - Ref 3285
06/03/2025,3749.91,Synthesize ubiquitous networks - Ref 5128
08/03/2025,4869.3,Iterate dot-com bandwidth - Ref 7690
04/05/2025,3869.73,Re-intermediate value-added roi - Ref 5435
24/02/2025,2513.51,Transform synergistic communities - Ref 1389
22/02/2025,2637.34,Transition strategic interfaces - Ref 1544
21/02/2025,4362.82,Maximize revolutionary schemas - Ref 1245
28/02/2025,518.12,Streamline customized e-business - Ref 5626
15/02/2025,1213.79,Mesh best-of-breed e-commerce - Ref 7056
25/03/2025,2041.91,Harness 24/365 platforms - Ref 9915
04/05/2025,360.61,Repurpose 24/365 e-commerce - Ref 4427
11/02/2025,3357.79,Unleash customized e-business - Ref 1859
02/05/2025,3588.37,Leverage back-end niches - Ref 2479
30/03/2025,2404.01,Aggregate e-business functionalities - Ref 4008
20/02/2025,3542.56,Strategize impactful models - Ref 6544
15/03/2025,1616.78,Unleash bleeding-edge web-readiness - Ref 9480
30/04/2025,3215.64,Harness end-to-end eyeballs - Ref 5116
23/02/2025,567.7,Brand next-generation technologies - Ref 6491
21/03/2025,3362.59,Syndicate dot-com e-services - Ref 3914
19/04/2025,3204.53,Evolve vertical info-mediaries - Ref 1154
11/04/2025,1309.04,Aggregate plug-and-play functionalities - Ref 6644
12/02/2025,1507.17,Strategize efficient web-readiness - Ref 9187
11/03/2025,2653.23,Incentivize end-to-end content - Ref 5234
28/04/2025,549.94,Engage b2c action-items - Ref 8580
15/03/2025,327.31,Streamline open-source supply-chains - Ref 9904
27/03/2025,1660.95,Exploit rich systems - Ref 2052
23/03/2025,1190.42,Transform visionary metrics - Ref 9099
22/02/2025,1992.52,Enhance synergistic partnerships - Ref 8497
27/04/2025,1554.79,Aggregate vertical metrics - Ref 5366
17/02/2025,3338.12,Engage mission-critical experiences - Ref 1098
19/04/2025,4927.9,Incentivize next-generation content - Ref 7944
21/04/2025,4579.95,Drive impactful interfaces - Ref 4711
15/04/2025,3125.71,Re-contextualize bleeding-edge markets - Ref 9954
02/04/2025,626.28,Monetize b2c applications - Ref 6463
23/04/2025,385.85,Envisioneer leading-edge solutions - Ref 7864
04/03/2025,146.82,Transform viral functionalities - Ref 4811
30/03/2025,1341.7,Expedite mission-critical content - Ref 3968
07/02/2025,474.52,Streamline global platforms - Ref 2450
31/03/2025,1032.14,Enable open-source schemas - Ref 1179
08/02/2025,1474.47,Envisioneer open-source systems - Ref 2542
12/04/2025,2107.76,Brand proactive content - Ref 1559
06/05/2025,489.89,Utilize plug-and-play synergies - Ref 6516
24/03/2025,304.5,Matrix vertical info-mediaries - Ref 9748
26/04/2025,1514.86,Brand intuitive schemas - Ref 5642
21/02/2025,4257.17,Incubate cross-platform partnerships - Ref 2268
14/02/2025,4125.7,Benchmark distributed initiatives - Ref 2184
12/02/2025,2121.27,Embrace cross-media roi - Ref 9723
30/04/2025,1009.43,Enhance front-end experiences - Ref 9027
16/03/2025,3400.35,Matrix holistic initiatives - Ref 7591
02/05/2025,3719.36,Syndicate web-enabled niches - Ref 9959
20/03/2025,3266.49,Strategize global convergence - Ref 6888
10/02/2025,2516.26,Morph revolutionary applications - Ref 3442
06/05/2025,1169.48,Drive intuitive eyeballs - Ref 2901
14/03/2025,4963.52,Synergize integrated users - Ref 3918
25/03/2025,1700.16,Morph compelling methodologies - Ref 8411
05/03/2025,2795.2,Implement b2b functionalities - Ref 4648
15/02/2025,4024.1,Embrace frictionless models - Ref 3730
18/03/2025,2518.42,Utilize cross-media vortals - Ref 2383
09/03/2025,1463.19,Embrace wireless e-tailers - Ref 2201
21/02/2025,4649.43,Re-contextualize integrated deliverables - Ref 2677
20/04/2025,1620.23,Engineer vertical roi - Ref 3894
01/05/2025,2286.14,Implement cross-media portals - Ref 9615
24/03/2025,1711.01,Incentivize enterprise mindshare - Ref 9316
28/04/2025,467.27,Transform dynamic paradigms - Ref 8589
28/04/2025,4127.58,Matrix b2c web-readiness - Ref 1017
07/03/2025,2282.56,Iterate revolutionary networks - Ref 8129
22/02/2025,1220.89,Empower end-to-end channels - Ref 6202
19/02/2025,4423.37,Benchmark compelling synergies - Ref 9808
15/04/2025,4725.57,Orchestrate interactive applications - Ref 1686
01/05/2025,4607.5,Extend scalable supply-chains - Ref 2973
21/02/2025,4053.16,Incubate enterprise partnerships - Ref 7191
27/03/2025,4606.55,Utilize synergistic e-business - Ref 1567
06/03/2025,3029.79,Re-intermediate extensible solutions - Ref 5393
12/02/2025,1356.94,Mesh synergistic applications - Ref 8879
20/02/2025,3276.3,Extend scalable schemas - Ref 2175
16/03/2025,2200.62,Cultivate enterprise metrics - Ref 5497
23/04/2025,1241.61,Disintermediate out-of-the-box synergies - Ref 1547
03/03/2025,1546.52,Strategize mission-critical vortals - Ref 4426
27/02/2025,3613.6,Iterate global applications - Ref 4632
30/03/2025,367.14,Optimize 24/7 portals - Ref 7215
11/03/2025,4815.02,Integrate visionary synergies - Ref 9785
15/03/2025,149.44,Enable scalable interfaces - Ref 2385
07/03/2025,3404.22,Redefine killer web-readiness - Ref 8330
13/03/2025,3373.51,Iterate dynamic architectures - Ref 6349
09/04/2025,3182.69,Engage world-class relationships - Ref 7261
09/04/2025,1268.54,Synthesize impactful eyeballs - Ref 8527
12/04/2025,1348.18,Disintermediate interactive relationships - Ref 1403
18/04/2025,2219.24,Generate plug-and-play vortals - Ref 1488
02/05/2025,1001.93,Enable global content - Ref 1309
22/04/2025,4755.27,Leverage leading-edge networks - Ref 1371
30/04/2025,1003.44,Maximize mission-critical functionalities - Ref 9538
25/04/2025,3212.73,Integrate end-to-end synergies - Ref 7231
04/03/2025,4931.31,Visualize best-of-breed communities - Ref 3534
04/04/2025,2995.05,Implement synergistic niches - Ref 2661
13/02/2025,4253.71,Morph b2c models - Ref 4725
20/02/2025,3798.12,Incubate revolutionary models - Ref 2339
21/02/2025,1741.25,Orchestrate ubiquitous web-readiness - Ref 5850
19/02/2025,2857.21,Unleash plug-and-play web-readiness - Ref 3917
16/03/2025,1132.85,Exploit ubiquitous convergence - Ref 8632
05/05/2025,2355.58,Syndicate b2b e-markets - Ref 9344
16/03/2025,1853.41,Target robust roi - Ref 9263
11/02/2025,1844.3,Incentivize open-source markets - Ref 9689
12/04/2025,3572.4,Redefine user-centric roi - Ref 2337
18/04/2025,4496.96,Synthesize frictionless info-mediaries - Ref 2768
16/02/2025,2880.67,Transition b2b e-tailers - Ref 5551
02/04/2025,1758.75,Brand back-end technologies - Ref 3822
12/02/2025,3114.37,Leverage 24/365 synergies - Ref 1037
18/02/2025,1747.44,Engage bleeding-edge solutions - Ref 6165
16/04/2025,495.79,E-enable viral niches - Ref 6585
27/03/2025,4456.04,Redefine bricks-and-clicks action-items - Ref 4388
30/04/2025,3315.32,Optimize seamless roi - Ref 6790
15/03/2025,4576.12,Innovate 24/365 deliverables - Ref 2651
29/03/2025,2880.79,Integrate viral networks - Ref 1246
20/04/2025,1462.29,Innovate end-to-end action-items - Ref 4028
12/03/2025,4454.53,Target b2c e-business - Ref 7020
07/02/2025,2297.67,Productize out-of-the-box web services - Ref 2853
28/02/2025,613.81,Disintermediate turn-key channels - Ref 2174
20/03/2025,2742.92,Strategize global users - Ref 6611
05/05/2025,2461.98,Drive enterprise communities - Ref 5779
01/04/2025,3095.7,Implement integrated applications - Ref 5443
28/02/2025,4344.47,Benchmark e-business architectures - Ref 1149
19/03/2025,526.39,Iterate dot-com networks - Ref 2182
03/05/2025,4723.85,Aggregate bricks-and-clicks functionalities - Ref 6941
02/05/2025,1962.38,Re-contextualize front-end content - Ref 4155
30/04/2025,2205.39,Leverage web-enabled mindshare - Ref 1699
26/02/2025,3721.45,Disintermediate bricks-and-clicks roi - Ref 9618
19/02/2025,3257.5,Scale turn-key partnerships - Ref 1020
18/03/2025,2689.53,Maximize intuitive web-readiness - Ref 3352
10/02/2025,1919.88,Productize open-source eyeballs - Ref 3838
08/03/2025,2712.15,Streamline dot-com bandwidth - Ref 1453
28/03/2025,1971.07,Transform viral deliverables - Ref 7766
13/02/2025,4777.6,Maximize ubiquitous partnerships - Ref 9516
01/03/2025,2564.23,Utilize e-business content - Ref 9654
24/03/2025,1692.38,Morph holistic partnerships - Ref 2014
15/03/2025,3076.31,Target cross-media metrics - Ref 6696
28/02/2025,1177.7,Repurpose innovative eyeballs - Ref 9510
25/04/2025,1740.47,Reinvent efficient convergence - Ref 6011
09/04/2025,610.66,Exploit one-to-one mindshare - Ref 4319
19/02/2025,366.54,Optimize one-to-one web-readiness - Ref 1829
22/02/2025,142.52,Redefine plug-and-play vortals - Ref 9475
28/02/2025,3329.31,Benchmark dynamic paradigms - Ref 7776
14/04/2025,2622.74,Deploy killer convergence - Ref 3695
28/04/2025,2045.15,Visualize back-end supply-chains - Ref 2913
12/02/2025,1548.32,Repurpose innovative partnerships - Ref 1797
27/03/2025,3540.08,Syndicate enterprise web-readiness - Ref 7598
22/04/2025,3899.7,Cultivate enterprise convergence - Ref 7298
06/04/2025,1679.27,Transition open-source initiatives - Ref 8213
21/02/2025,3205.43,Monetize real-time communities - Ref 2853
21/03/2025,307.95,Embrace innovative interfaces - Ref 5859
22/03/2025,3609.88,Disintermediate 24/365 functionalities - Ref 9939
07/02/2025,2155.29,Grow b2c technologies - Ref 8741
27/03/2025,3723.35,Brand robust functionalities - Ref 7589
21/04/2025,3216.25,Harness holistic networks - Ref 1906
14/02/2025,191.1,Re-intermediate scalable e-markets - Ref 3143
05/05/2025,1904.89,E-enable dot-com networks - Ref 6333
09/02/2025,4904.33,Matrix global functionalities - Ref 4768
27/04/2025,1246.41,Syndicate wireless metrics - Ref 8138
19/04/2025,3282.55,E-enable scalable e-commerce - Ref 8654
21/04/2025,3025.16,Redefine mission-critical eyeballs - Ref 2872
24/03/2025,3784.09,Syndicate magnetic vortals - Ref 4248
15/04/2025,3905.02,Morph visionary experiences - Ref 7057
11/03/2025,3633.97,Harness robust functionalities - Ref 3982
28/04/2025,934.41,Engineer customized bandwidth - Ref 8828
05/04/2025,2699.38,Optimize back-end metrics - Ref 5916
08/02/2025,4292.8,Leverage compelling architectures - Ref 5783
01/03/2025,4977.57,Embrace distributed e-commerce - Ref 4278
24/04/2025,4518.02,Whiteboard granular experiences - Ref 3445
10/02/2025,3924.16,Synthesize out-of-the-box architectures - Ref 1244
30/04/2025,4477.19,Embrace bricks-and-clicks platforms - Ref 7355
21/04/2025,3727.95,Utilize leading-edge methodologies - Ref 9331
28/02/2025,2771.56,Envisioneer impactful web-readiness - Ref 9771
15/04/2025,3017.16,Re-intermediate customized applications - Ref 6158
07/02/2025,2510.44,Seize turn-key e-markets - Ref 3268
05/05/2025,4657.87,Visualize cross-media schemas - Ref 3885
14/02/2025,3587.71,Extend e-business roi - Ref 2789
12/03/2025,3127.27,Synergize world-class platforms - Ref 3164
03/04/2025,1915.25,Transform leading-edge relationships - Ref 5729
09/04/2025,960.57,Enhance visionary action-items - Ref 2229
22/02/2025,2785.27,Incubate transparent platforms - Ref 3228
28/04/2025,409.17,Redefine distributed mindshare - Ref 6487
10/04/2025,3735.8,Envisioneer intuitive metrics - Ref 6404
19/02/2025,615.19,Incubate collaborative experiences - Ref 3299
28/04/2025,3829.03,Matrix cutting-edge users - Ref 1791
11/03/2025,3490.93,Transition impactful applications - Ref 4403
18/03/2025,4451.63,Engineer revolutionary supply-chains - Ref 6854
21/04/2025,227.77,Mesh open-source web services - Ref 7785
25/02/2025,4793.43,Revolutionize ubiquitous info-mediaries - Ref 3971
30/03/2025,1598.76,Embrace value-added infrastructures - Ref 2687
09/02/2025,4993.75,Iterate rich applications - Ref 4435
04/05/2025,4518.35,Aggregate holistic functionalities - Ref 8632
04/05/2025,2964.11,Evolve cutting-edge solutions - Ref 3310
11/03/2025,1261.72,Innovate magnetic portals - Ref 4362
27/02/2025,187.8,Redefine wireless supply-chains - Ref 3474
04/05/2025,1731.22,Deliver proactive e-tailers - Ref 6723
01/03/2025,1897.04,Streamline user-centric applications - Ref 9983
24/02/2025,1930.15,Whiteboard efficient models - Ref 6446
31/03/2025,609.51,Transform interactive e-business - Ref 2156
10/02/2025,1256,Evolve best-of-breed e-services - Ref 4615
26/04/2025,4059.94,Implement e-business metrics - Ref 5163
10/03/2025,2739.92,Expedite killer experiences - Ref 7094
12/03/2025,2153.51,Grow revolutionary web-readiness - Ref 2270
20/02/2025,2000.61,Brand compelling applications - Ref 6096
17/03/2025,4572.38,Harness 24/365 methodologies - Ref 5113
12/03/2025,1040.19,Matrix value-added applications - Ref 5373
06/03/2025,3964.49,Drive 24/365 experiences - Ref 4176
04/04/2025,2691.25,Unleash compelling architectures - Ref 9393
03/03/2025,2975.58,Target dot-com info-mediaries - Ref 4604
20/02/2025,1858.17,Integrate 24/365 experiences - Ref 5584
19/04/2025,936.54,Strategize synergistic users - Ref 4301
06/04/2025,1073.88,Scale granular infrastructures - Ref 6722
16/04/2025,4349.92,Brand global mindshare - Ref 3561
01/03/2025,1005.16,Re-intermediate rich e-markets - Ref 9352
12/03/2025,2295.22,Matrix world-class partnerships - Ref 3929
08/04/2025,4775.39,Empower 24/7 metrics - Ref 3308
26/02/2025,4262.25,E-enable dynamic e-tailers - Ref 8729
26/02/2025,2322.61,Aggregate innovative eyeballs - Ref 5016
10/02/2025,1649.39,Maximize distributed functionalities - Ref 5814
19/03/2025,2766.05,Target enterprise niches - Ref 8875
04/04/2025,4365.96,Orchestrate transparent users - Ref 2640
12/02/2025,4676.63,Enable cutting-edge vortals - Ref 1402
03/04/2025,3755.29,Seize killer solutions - Ref 3609
21/03/2025,530.08,Re-contextualize rich e-tailers - Ref 3243
16/02/2025,349.14,Integrate impactful networks - Ref 3791
11/04/2025,4463.48,Empower holistic platforms - Ref 5786
07/05/2025,3084.46,Aggregate sticky info-mediaries - Ref 7897
22/04/2025,2127.76,Mesh turn-key applications - Ref 1615
16/02/2025,319.69,Reinvent interactive infrastructures - Ref 3200
27/02/2025,4262.4,Leverage collaborative technologies - Ref 6558
20/02/2025,4778.93,Incentivize strategic web services - Ref 9257
09/04/2025,197.94,Morph value-added e-services - Ref 8668
02/04/2025,2465.75,Drive distributed niches - Ref 2532
20/02/2025,2892.43,Deliver scalable users - Ref 1285
07/02/2025,510.91,Embrace 24/365 initiatives - Ref 1262
17/04/2025,1164.65,Enable innovative e-tailers - Ref 7035
07/03/2025,1630.25,Unleash frictionless experiences - Ref 5472
19/04/2025,4541.43,Redefine customized web-readiness - Ref 9069
17/02/2025,4546.52,Redefine open-source markets - Ref 5112
14/04/2025,4744.03,Matrix robust e-business - Ref 9561
07/02/2025,2179.68,Grow user-centric platforms - Ref 8450
08/02/2025,4065.97,Target holistic users - Ref 2649
25/04/2025,1418.51,Repurpose real-time vortals - Ref 2403
03/04/2025,2148.35,Monetize magnetic convergence - Ref 2374
05/03/2025,3029.41,Scale bleeding-edge supply-chains - Ref 7980
20/02/2025,3364.03,Enhance strategic platforms - Ref 8177
24/04/2025,1967.28,Monetize cross-media e-business - Ref 1863
10/03/2025,1459.25,Engineer intuitive functionalities - Ref 6073
27/02/2025,4517.78,Embrace leading-edge bandwidth - Ref 8372
27/04/2025,2596.5,Leverage extensible e-markets - Ref 3888
26/03/2025,4390.83,Reinvent enterprise e-business - Ref 3473
11/02/2025,2670.51,Drive 24/7 functionalities - Ref 7911
15/04/2025,3536.59,Scale ubiquitous convergence - Ref 2540
19/04/2025,1699.62,Mesh magnetic info-mediaries - Ref 2064
17/04/2025,3584.13,Transition holistic platforms - Ref 2002
09/03/2025,315.7,Morph bricks-and-clicks applications - Ref 1307
25/04/2025,4414.39,Brand user-centric e-markets - Ref 5522
21/02/2025,1113.9,Orchestrate distributed networks - Ref 7870
25/03/2025,256.42,Engage collaborative web services - Ref 2704
18/04/2025,4231.11,Seize synergistic architectures - Ref 1090
17/03/2025,3968.46,Scale collaborative interfaces - Ref 7765
19/03/2025,2721.9,Visualize one-to-one paradigms - Ref 6827
26/02/2025,180.47,Drive robust markets - Ref 1565
16/02/2025,3292.46,Extend back-end users - Ref 6886
07/02/2025,4602.47,Engineer mission-critical schemas - Ref 9162
22/02/2025,4984.04,Brand out-of-the-box roi - Ref 6627
25/02/2025,3395.33,Expedite front-end convergence - Ref 8355
06/05/2025,1306.49,Transform intuitive networks - Ref 8336
31/03/2025,4167.23,Matrix interactive models - Ref 4845
20/04/2025,2193.88,Envisioneer revolutionary methodologies - Ref 2059
24/04/2025,2460.65,Innovate bricks-and-clicks infrastructures - Ref 8515
28/03/2025,924.9,Unleash rich experiences - Ref 5697
01/05/2025,4495.26,Expedite visionary models - Ref 9598
08/03/2025,2731.92,Morph proactive eyeballs - Ref 1648
24/04/2025,1124.37,Transform web-enabled experiences - Ref 4435
25/02/2025,4593.8,Repurpose b2c technologies - Ref 8981
11/02/2025,3967.62,Innovate compelling roi - Ref 7345
15/03/2025,2951.09,Whiteboard rich niches - Ref 6533
24/02/2025,600.53,Embrace vertical e-commerce - Ref 1646
20/03/2025,4960.42,Strategize strategic architectures - Ref 9020
24/03/2025,3890.11,Cultivate clicks-and-mortar infrastructures - Ref 5171
19/02/2025,2792.14,Monetize bricks-and-clicks markets - Ref 3237
18/03/2025,855.75,Transition b2c technologies - Ref 2147
23/02/2025,1442.4,Exploit vertical e-markets - Ref 3709
09/02/2025,2026.48,Enhance front-end relationships - Ref 5062
21/03/2025,3246.96,Benchmark transparent synergies - Ref 7731
13/02/2025,925.04,Facilitate revolutionary e-markets - Ref 9524
24/04/2025,3639.01,Target ubiquitous e-commerce - Ref 1845
18/02/2025,1463.59,Monetize best-of-breed infrastructures - Ref 2412
14/03/2025,2260.4,Aggregate rich systems - Ref 5685
28/03/2025,1294.18,Harness value-added info-mediaries - Ref 2781
04/03/2025,2869.2,Deploy leading-edge relationships - Ref 9740
03/05/2025,4054.3,Harness ubiquitous e-services - Ref 6085
28/02/2025,1801.35,Repurpose world-class partnerships - Ref 1681
09/02/2025,4797.45,Seize dot-com bandwidth - Ref 3859
17/02/2025,4849.8,Redefine user-centric networks - Ref 5271
14/04/2025,1013.75,Morph robust infrastructures - Ref 6470
22/04/2025,1248.38,Envisioneer killer metrics - Ref 8131
15/02/2025,2475.73,Utilize strategic convergence - Ref 5560
09/02/2025,3832.36,Re-contextualize clicks-and-mortar e-business - Ref 5904
24/02/2025,1856.67,Extend clicks-and-mortar portals - Ref 1569
26/04/2025,851.98,Transition synergistic e-services - Ref 1192
20/03/2025,1342.55,Reinvent bleeding-edge applications - Ref 6775
22/04/2025,1119.62,Deploy integrated technologies - Ref 7210
23/02/2025,2322.14,Enhance out-of-the-box methodologies - Ref 6059
05/04/2025,701.54,Engineer robust web-readiness - Ref 2321
27/03/2025,4139.75,Utilize wireless functionalities - Ref 8454
02/04/2025,3809.14,Benchmark vertical networks - Ref 2210
30/04/2025,3360.24,Brand plug-and-play e-commerce - Ref 6859
20/03/2025,2769.53,Benchmark revolutionary functionalities - Ref 1155
26/03/2025,3051.21,Seize killer channels - Ref 7108
05/03/2025,3492.93,Deploy vertical users - Ref 3884
22/03/2025,2430.41,Unleash impactful e-services - Ref 5066
21/04/2025,4943.28,Cultivate back-end e-business - Ref 5270
06/05/2025,1207.56,Visualize wireless networks - Ref 8067
02/05/2025,3144.9,Facilitate efficient functionalities - Ref 4041
26/03/2025,2719.13,Seize front-end content - Ref 9199
09/04/2025,4835.96,Incubate best-of-breed interfaces - Ref 9535
14/02/2025,2253.4,Empower cross-platform bandwidth - Ref 6686
17/02/2025,904.65,Synthesize mission-critical deliverables - Ref 5991
10/04/2025,3020.26,Enable front-end web-readiness - Ref 1912
02/04/2025,844.95,Orchestrate user-centric users - Ref 6574
23/02/2025,2513.06,E-enable enterprise schemas - Ref 3308
11/04/2025,1397.16,Generate turn-key e-markets - Ref 6166
11/03/2025,419.23,Enable e-business relationships - Ref 3450
20/02/2025,109.07,Benchmark transparent systems - Ref 7843
02/05/2025,359.36,Target clicks-and-mortar relationships - Ref 3319
10/04/2025,2958.53,Engineer end-to-end e-commerce - Ref 8084
28/02/2025,503.27,Utilize b2c platforms - Ref 1861
20/02/2025,4410.86,Integrate integrated convergence - Ref 1677
24/02/2025,3544.02,Extend efficient roi - Ref 2093
01/03/2025,2626.49,Target cutting-edge applications - Ref 5447
26/02/2025,432.29,Drive intuitive paradigms - Ref 4253
15/03/2025,2646.53,Disintermediate bleeding-edge synergies - Ref 5051
03/03/2025,500.78,Streamline global e-business - Ref 8125
01/04/2025,1471.96,Transform wireless vortals - Ref 1207
01/03/2025,1436.78,Exploit vertical applications - Ref 8900
14/04/2025,1317.2,Deliver strategic action-items - Ref 5419
02/03/2025,276.08,Envisioneer turn-key deliverables - Ref 7408
08/03/2025,2456.25,Re-intermediate world-class e-business - Ref 2613
11/04/2025,2712.54,Aggregate magnetic e-markets - Ref 8702
11/02/2025,714.64,Deploy vertical paradigms - Ref 6479
29/03/2025,485.09,Transform global communities - Ref 9299
07/02/2025,1069.4,Transform web-enabled supply-chains - Ref 3487
02/05/2025,4906.71,Transition granular users - Ref 9818
17/03/2025,3211.38,Reinvent robust web services - Ref 8675
06/03/2025,1239.12,Synergize dot-com interfaces - Ref 4194
17/03/2025,164.19,Syndicate web-enabled interfaces - Ref 7078
16/04/2025,3061.64,Orchestrate cross-platform info-mediaries - Ref 7878
04/05/2025,4078.68,Aggregate extensible roi - Ref 9237
24/03/2025,3961.39,Embrace b2b e-commerce - Ref 7728
17/02/2025,1864.4,Disintermediate extensible convergence - Ref 5318
27/02/2025,3967.37,Strategize end-to-end users - Ref 7832
29/03/2025,539.45,Cultivate robust e-markets - Ref 1933
23/02/2025,738.75,Leverage cross-media e-markets - Ref 9714
28/03/2025,2741.69,Extend real-time functionalities - Ref 2396
22/04/2025,3521.03,Scale user-centric web-readiness - Ref 9546
18/04/2025,1762.19,Incentivize efficient action-items - Ref 5354
01/03/2025,3414.3,Engage extensible schemas - Ref 7263
28/03/2025,3084.11,Scale innovative communities - Ref 5785
24/03/2025,4316.03,Syndicate integrated channels - Ref 8701
