date,amount,narration
23/04/2025,1147.24,Payment to Engage cross - ID6919
28/04/2025,1572.1100000000001,Payment to Implement virtual communities - ID2963
07/04/2025,3162.47,Received from Morph e - ID9102
11/02/2025,179.87,Received from Deliver ubiquitous solutions - ID2416
09/03/2025,537,Payment to Embrace distributed platforms - ID5747
01/03/2025,4486.26,Paid to Evolve end - ID5636
14/02/2025,3342.3700000000003,Credit of Strategize open - ID8413
08/03/2025,4172.570000000001,Credit of Utilize dynamic initiatives - ID1031
03/05/2025,167.29,Payment to Integrate enterprise markets - ID5688
07/03/2025,1852.1499999999999,Credit of Maximize innovative architectures - ID7615
06/02/2025,850.48,Paid to Optimize leading - ID7880
01/03/2025,451.14,Transfer from Engage vertical web - ID9234
02/05/2025,4235.88,Credit of Scale real - ID8402
05/04/2025,796.7,Transfer from Optimize wireless e - ID6677
10/04/2025,802.87,Paid to Grow collaborative users - ID2315
05/05/2025,4047.26,Transfer from Drive plug - ID2856
29/04/2025,1108.17,Received from Leverage collaborative convergence - ID7566
10/04/2025,2886.9,Payment to Leverage distributed applications - ID5233
21/04/2025,4542.63,Received from Syndicate dynamic action - ID9965
17/03/2025,705.18,Paid to Generate cross - ID6291
06/04/2025,687.79,Paid to Architect integrated vortals - ID7457
29/03/2025,2878.87,Received from Leverage b2c synergies - ID7918
12/04/2025,2734.3500000000004,Payment to Exploit efficient systems - ID6229
10/02/2025,1640.48,Transfer from Unleash synergistic communities - ID4654
06/05/2025,990.53,Payment to Envisioneer virtual niches - ID9829
30/04/2025,4669.360000000001,Payment to Aggregate robust roi - ID4410
09/04/2025,2770.58,Payment to Exploit web - ID1410
24/04/2025,3199.1299999999997,Payment to Benchmark dot - ID5054
01/04/2025,4159.29,Paid to Matrix next - ID4524
16/04/2025,2173.66,Paid to Repurpose extensible action - ID1855
09/02/2025,3577.79,Payment to Deliver strategic models - ID8496
21/04/2025,3581.63,Payment to Drive one - ID5422
09/04/2025,4559.01,Transfer from Syndicate dot - ID2547
17/03/2025,1158.39,Transfer from Expedite 24/7 technologies - ID1124
13/04/2025,3063.33,Credit of Orchestrate proactive e - ID9666
05/04/2025,142.25,Credit of Cultivate front - ID8906
02/05/2025,2776.51,Credit of Optimize best - ID7364
27/03/2025,3044.14,Received from Iterate wireless vortals - ID6310
27/03/2025,3653.4399999999996,Paid to Unleash best - ID9455
05/03/2025,4711.83,Transfer from Re - ID1176
25/03/2025,1566.56,Payment to Mesh collaborative vortals - ID6141
12/03/2025,923.5200000000001,Paid to Productize proactive interfaces - ID8237
01/04/2025,3427.24,Payment to Scale plug - ID3171
06/03/2025,4156.14,Received from Scale front - ID9183
31/03/2025,4239.900000000001,Received from Envisioneer enterprise e - ID6830
03/04/2025,4984.84,Transfer from Synergize open - ID6140
15/03/2025,2656,Credit of Envisioneer impactful architectures - ID4206
17/03/2025,961.4,Payment to Utilize one - ID3308
27/04/2025,3323.98,Payment to Matrix interactive e - ID9984
11/02/2025,3073.34,Transfer from Empower mission - ID8111
24/04/2025,3236.6400000000003,Credit of Exploit synergistic vortals - ID3289
13/02/2025,3091.73,Credit of Incubate open - ID8420
15/04/2025,739.4200000000001,Paid to Enhance e - ID2164
19/04/2025,3705.6000000000004,Paid to Orchestrate clicks - ID6459
06/02/2025,418.28000000000003,Payment to Expedite web - ID6137
24/04/2025,3527.44,Paid to Unleash best - ID6006
27/03/2025,4828.06,Received from Harness turn - ID4197
18/03/2025,2054.62,Credit of Scale virtual partnerships - ID6540
25/04/2025,1373.95,Paid to Disintermediate interactive web - ID3884
12/02/2025,3239.37,Credit of Synthesize strategic channels - ID4554
08/03/2025,691.41,Payment to Aggregate out - ID7789
15/04/2025,1102.71,Paid to Drive b2b synergies - ID3470
24/03/2025,2726.98,Payment to Synthesize ubiquitous technologies - ID1521
26/03/2025,2750.54,Payment to Utilize efficient bandwidth - ID2967
02/05/2025,2489.12,Transfer from Facilitate magnetic models - ID6736
18/04/2025,3870.0800000000004,Transfer from Facilitate next - ID7799
02/03/2025,2617.96,Transfer from Extend clicks - ID9897
14/02/2025,4529.84,Payment to Engineer distributed communities - ID5492
26/04/2025,174.15,Transfer from Engage front - ID4460
11/04/2025,3268.43,Received from Expedite viral deliverables - ID7589
09/02/2025,1473.49,Credit of Utilize next - ID3093
18/03/2025,1408.36,Credit of Engage robust experiences - ID5249
28/02/2025,557.13,Received from Whiteboard front - ID5535
21/04/2025,3440.4,Received from Matrix dynamic e - ID9352
03/05/2025,1955.57,Received from Aggregate back - ID4302
16/03/2025,2328.24,Payment to Enable clicks - ID5605
22/04/2025,1697.62,Transfer from Optimize b2c portals - ID8309
02/04/2025,858.45,Paid to Morph scalable metrics - ID7380
02/03/2025,680.37,Received from Cultivate viral infrastructures - ID7757
04/03/2025,3817.9300000000003,Received from Orchestrate enterprise solutions - ID5156
20/03/2025,2470.0800000000004,Credit of Empower granular platforms - ID9076
20/03/2025,3399.26,Received from Optimize mission - ID4254
19/02/2025,4787.410000000001,Received from Harness b2c relationships - ID8036
08/03/2025,2113.0899999999997,Credit of Target impactful action - ID2802
04/05/2025,3070.2400000000002,Paid to Aggregate vertical markets - ID9651
18/03/2025,2771.05,Transfer from Target holistic web - ID5209
17/02/2025,935.74,Credit of Brand one - ID8876
10/02/2025,3353.8799999999997,Payment to Matrix clicks - ID1344
18/02/2025,2601.7000000000003,Received from Syndicate mission - ID3598
15/02/2025,1439.62,Payment to Transition dynamic metrics - ID7793
07/02/2025,2968.97,Credit of Utilize magnetic e - ID6233
24/03/2025,3371.74,Credit of Facilitate enterprise communities - ID6028
05/03/2025,3556.92,Payment to Facilitate rich portals - ID2330
01/05/2025,2847.45,Received from E - ID9030
22/03/2025,1699.85,Paid to Harness next - ID5867
13/03/2025,2434.79,Credit of Synthesize vertical e - ID9741
22/02/2025,3600.19,Received from Transform innovative vortals - ID5316
17/02/2025,4912.74,Payment to Empower turn - ID1410
03/05/2025,368.55,Payment to Productize cutting - ID2063
07/03/2025,753.01,Payment to Streamline out - ID4922
09/03/2025,3984.51,Paid to Synthesize real - ID9228
22/04/2025,112.11,Payment to Monetize b2c experiences - ID2614
23/04/2025,3517.91,Received from Mesh dot - ID2280
17/04/2025,3778.25,Credit of Revolutionize killer web - ID4002
05/05/2025,2926.2799999999997,Credit of Evolve clicks - ID5303
05/04/2025,4331.150000000001,Received from Redefine value - ID3828
02/05/2025,2341.97,Payment to Enhance innovative methodologies - ID2255
18/04/2025,3342.42,Paid to Transition world - ID3524
11/04/2025,3209.0099999999998,Payment to Extend next - ID6102
24/03/2025,1950.12,Paid to Strategize intuitive networks - ID9503
13/03/2025,4671.67,Received from Incubate global users - ID6936
07/03/2025,3837.4300000000003,Credit of Unleash wireless web - ID9220
17/03/2025,3897.47,Transfer from Incubate rich platforms - ID4572
27/04/2025,4005.1,Transfer from Cultivate customized eyeballs - ID9382
27/03/2025,1793.47,Received from Synthesize synergistic web services - ID2502
07/05/2025,2252.92,Transfer from Incubate sticky users - ID8441
19/04/2025,1404.63,Received from Streamline b2c deliverables - ID2641
09/03/2025,1593.21,Credit of Drive enterprise web services - ID9279
27/02/2025,1602.6,Payment to Drive distributed web - ID9670
12/03/2025,2701.0299999999997,Received from Aggregate impactful models - ID3582
27/04/2025,771.48,Transfer from Deliver cross - ID5458
08/04/2025,4643.67,Received from Monetize 24/365 networks - ID7132
17/03/2025,3759.29,Paid to Optimize open - ID9652
02/04/2025,878.0799999999999,Payment to Morph viral metrics - ID2332
24/02/2025,4443.03,Payment to Expedite extensible users - ID6851
01/03/2025,2398.88,Received from Grow next - ID9331
07/04/2025,387.35,Payment to Whiteboard innovative solutions - ID4213
04/03/2025,4465.65,Received from Extend dynamic e - ID1297
07/03/2025,1375.05,Credit of Synthesize 24/7 deliverables - ID9760
19/03/2025,4692.650000000001,Paid to E - ID9637
13/03/2025,4728.66,Paid to Benchmark integrated users - ID7111
08/03/2025,3118.6400000000003,Received from Harness intuitive models - ID6525
01/03/2025,1734.4199999999998,Transfer from Strategize b2b convergence - ID5482
25/02/2025,2415.58,Received from Extend mission - ID4005
10/04/2025,3124.53,Transfer from Facilitate vertical channels - ID4182
19/04/2025,2750.61,Credit of Transition collaborative bandwidth - ID6564
30/04/2025,1486.48,Paid to Productize b2b experiences - ID6877
12/03/2025,4506.9400000000005,Received from Enhance ubiquitous portals - ID9628
28/03/2025,984.15,Paid to Reinvent killer mindshare - ID7653
08/05/2025,2874.86,Credit of Extend robust metrics - ID6953
20/02/2025,954.54,Received from Target dynamic applications - ID2840
22/03/2025,1156.63,Paid to Matrix rich e - ID3676
06/04/2025,451.61,Received from Embrace end - ID3801
27/04/2025,913.52,Received from Empower dot - ID2345
08/04/2025,3519.24,Received from Seize viral eyeballs - ID9917
23/02/2025,1090.11,Credit of Target efficient relationships - ID1744
05/03/2025,3295.3999999999996,Paid to Drive wireless info - ID4764
24/04/2025,2206.29,Credit of Extend vertical markets - ID8654
07/03/2025,3973.17,Payment to Facilitate turn - ID5629
27/03/2025,3146.74,Received from Unleash cross - ID9938
21/02/2025,963.1800000000001,Paid to Streamline intuitive deliverables - ID3477
12/04/2025,798.99,Transfer from Matrix seamless e - ID2890
02/03/2025,3478.35,Paid to Streamline turn - ID8382
25/03/2025,886.12,Payment to Syndicate mission - ID8762
07/02/2025,4997.75,Paid to Integrate cross - ID5778
08/03/2025,4909.25,Transfer from Envisioneer vertical content - ID3193
09/04/2025,807.01,Paid to Re - ID7150
02/03/2025,4567.87,Transfer from Iterate scalable users - ID8130
22/02/2025,2314.57,Payment to Scale compelling infrastructures - ID9323
21/02/2025,3329.18,Credit of Productize viral e - ID2202
18/02/2025,2377.6099999999997,Transfer from Enable bleeding - ID6704
30/04/2025,4850.53,Paid to Enhance ubiquitous deliverables - ID8165
18/04/2025,3703.3199999999997,Payment to Exploit front - ID8321
21/03/2025,3033.85,Transfer from Matrix compelling functionalities - ID2524
26/03/2025,4898.5,Transfer from Exploit global interfaces - ID6641
08/02/2025,3514.59,Paid to Generate enterprise applications - ID1233
17/02/2025,3596.74,Credit of Streamline end - ID8847
02/03/2025,1034.7,Credit of Engineer strategic e - ID5826
25/02/2025,568.94,Received from E - ID3937
26/04/2025,2483.81,Paid to Engage world - ID8112
02/03/2025,390.56,Paid to Repurpose value - ID5418
25/04/2025,1101.12,Received from Syndicate web - ID5592
27/03/2025,774.8,Credit of Facilitate one - ID6742
01/05/2025,1220.55,Credit of Synergize e - ID5911
13/02/2025,104.73,Transfer from Redefine open - ID2261
15/03/2025,3465.8799999999997,Paid to Benchmark vertical action - ID8649
15/04/2025,3032.82,Payment to Incubate seamless action - ID6089
04/05/2025,781.62,Received from Productize best - ID6616
24/03/2025,3543.8500000000004,Transfer from Monetize best - ID4170
09/02/2025,1400.89,Paid to Mesh plug - ID1172
28/04/2025,433.95,Transfer from Aggregate one - ID7105
07/02/2025,4694.58,Payment to Orchestrate integrated content - ID9290
11/03/2025,2401.43,Payment to Mesh turn - ID5994
19/03/2025,3192.62,Received from Engage best - ID4643
12/04/2025,2519.08,Transfer from Whiteboard b2b e - ID5680
28/04/2025,4933.47,Paid to Visualize end - ID8920
12/04/2025,1782.19,Credit of Monetize end - ID6262
25/04/2025,1149.04,Credit of Redefine synergistic niches - ID7594
21/02/2025,3136.0499999999997,Credit of Optimize back - ID4651
14/03/2025,4310.25,Payment to Streamline integrated partnerships - ID7013
20/04/2025,1006.0999999999999,Credit of Redefine intuitive partnerships - ID8036
23/04/2025,4231.01,Payment to Generate best - ID5915
16/04/2025,3620.68,Transfer from Grow bricks - ID7363
05/04/2025,2350.41,Received from Synergize dot - ID9862
16/03/2025,788.1,Credit of Repurpose e - ID5805
12/04/2025,355.21,Received from Orchestrate web - ID5338
09/04/2025,3491.17,Received from Deliver web - ID4860
30/04/2025,3662.31,Received from Brand sticky models - ID3331
09/03/2025,4441.64,Paid to Facilitate revolutionary markets - ID2398
06/05/2025,4331.44,Payment to Utilize innovative e - ID4991
26/04/2025,3709.1499999999996,Transfer from Cultivate bleeding - ID7196
11/03/2025,413.94,Credit of Deliver plug - ID8293
28/03/2025,1399.44,Received from Facilitate mission - ID1682
18/03/2025,1421.45,Paid to Target 24/365 roi - ID3644
14/02/2025,997.05,Received from Target bleeding - ID6391
27/02/2025,2215.1699999999996,Credit of Leverage out - ID3322
12/04/2025,3869.3,Payment to Repurpose ubiquitous relationships - ID5923
28/04/2025,3027.5899999999997,Transfer from Seize cross - ID2290
25/03/2025,2112.3399999999997,Payment to Extend customized schemas - ID2009
22/02/2025,3500.71,Payment to Utilize synergistic synergies - ID1270
08/03/2025,1592.56,Paid to Cultivate next - ID8286
22/02/2025,4080.6699999999996,Paid to Disintermediate vertical partnerships - ID4232
02/03/2025,4353.62,Received from Unleash cutting - ID1044
19/02/2025,1605.76,Credit of Repurpose virtual e - ID6145
06/04/2025,4318.95,Paid to Orchestrate b2b networks - ID1221
01/04/2025,3717.87,Transfer from Incubate synergistic architectures - ID7406
02/04/2025,4245.14,Transfer from Brand holistic web - ID6851
15/02/2025,3532.02,Received from Incentivize magnetic partnerships - ID9139
07/04/2025,1679.19,Credit of Visualize distributed markets - ID8117
28/03/2025,3053.64,Payment to Productize intuitive communities - ID3071
30/04/2025,4046.94,Transfer from Aggregate value - ID3409
20/02/2025,1750.53,Payment to Engage strategic e - ID9132
17/04/2025,1553.8700000000001,Received from Reinvent bricks - ID7577
21/02/2025,1166.6000000000001,Paid to Orchestrate efficient e - ID6122
18/02/2025,2126.6400000000003,Transfer from Synergize real - ID5618
02/04/2025,134.81,Payment to Strategize 24/365 architectures - ID4629
01/04/2025,3752.72,Transfer from Orchestrate e - ID6332
24/03/2025,3048.93,Received from Re - ID6302
30/04/2025,1872.79,Received from Seize seamless channels - ID5936
18/02/2025,2564.73,Payment to Re - ID2652
09/05/2025,1717.77,Credit of Maximize revolutionary info - ID1298
13/02/2025,301.73,Transfer from Cultivate frictionless interfaces - ID5333
17/03/2025,4367.4800000000005,Payment to Deliver revolutionary synergies - ID9431
12/04/2025,780.27,Credit of Grow enterprise schemas - ID1458
05/04/2025,2169.95,Paid to Iterate scalable partnerships - ID8516
27/04/2025,1820.64,Credit of Revolutionize bleeding - ID8853
12/03/2025,4135.55,Credit of Deploy compelling systems - ID5233
13/02/2025,490.27,Transfer from Integrate sticky action - ID5818
30/04/2025,1381.81,Received from Transition strategic mindshare - ID3900
22/04/2025,2726.9700000000003,Transfer from Repurpose best - ID5237
10/03/2025,1390.2,Payment to Morph synergistic roi - ID5441
02/04/2025,255.04999999999998,Credit of Morph distributed communities - ID3623
10/03/2025,4296.75,Paid to Maximize mission - ID5311
17/04/2025,389.88,Payment to Seize best - ID7753
14/04/2025,2035.72,Received from Reinvent efficient methodologies - ID1275
07/03/2025,1645.66,Payment to Engineer world - ID9237
21/03/2025,3910.82,Payment to Transition cross - ID4411
12/02/2025,1181.08,Paid to Disintermediate viral niches - ID7549
13/03/2025,852.93,Transfer from Evolve open - ID8077
04/05/2025,4444.64,Transfer from Drive holistic roi - ID7782
04/03/2025,3203.2,Paid to Scale holistic platforms - ID4892
03/04/2025,3980.6000000000004,Received from Re - ID6010
09/02/2025,2539.28,Received from Morph proactive communities - ID7326
03/04/2025,1551.99,Payment to Re - ID4121
28/04/2025,3925.81,Transfer from E - ID8339
21/02/2025,659.1800000000001,Transfer from Exploit synergistic action - ID8551
07/03/2025,2934.11,Transfer from Strategize compelling systems - ID4128
08/02/2025,4756.820000000001,Received from E - ID5321
09/03/2025,4960.26,Transfer from Mesh clicks - ID9644
25/02/2025,3050.78,Transfer from Leverage revolutionary applications - ID3400
17/02/2025,2721.09,Transfer from Synergize real - ID6905
05/05/2025,567.1,Payment to Benchmark front - ID5479
20/03/2025,2167.45,Paid to Engage b2b paradigms - ID4489
23/02/2025,427.77,Paid to Engage synergistic roi - ID5651
03/04/2025,4812.04,Payment to Enhance e - ID8535
14/02/2025,1208.99,Received from Facilitate transparent methodologies - ID4387
18/03/2025,4963.2,Received from Deliver open - ID2136
07/03/2025,2591.06,Transfer from Implement virtual convergence - ID3011
02/03/2025,4220.820000000001,Credit of Target granular action - ID4956
16/03/2025,1480.97,Transfer from Morph out - ID7193
01/03/2025,2212.53,Transfer from Maximize value - ID5114
03/04/2025,185.9,Paid to Productize global deliverables - ID1934
12/02/2025,1858.64,Transfer from Syndicate vertical mindshare - ID5481
28/02/2025,2136.77,Credit of Syndicate extensible markets - ID8212
16/04/2025,4192.389999999999,Received from Matrix intuitive web services - ID6930
12/02/2025,1079.03,Transfer from Visualize back - ID4895
20/04/2025,2722.45,Received from Integrate magnetic applications - ID4146
01/03/2025,581.51,Transfer from Architect strategic convergence - ID7466
28/04/2025,2771.79,Credit of E - ID4773
16/03/2025,1665.77,Paid to Drive web - ID2176
11/02/2025,4338.28,Payment to Synthesize synergistic convergence - ID1725
16/03/2025,3944.94,Paid to Reinvent magnetic metrics - ID4670
10/03/2025,2471.25,Credit of Transform 24/7 experiences - ID7858
24/02/2025,2405.71,Credit of Cultivate scalable relationships - ID8621
14/04/2025,978.8,Payment to Re - ID1781
22/04/2025,2695.28,Paid to Revolutionize clicks - ID2420
22/03/2025,366.08,Transfer from Leverage open - ID9641
17/03/2025,2520.3999999999996,Received from Expedite vertical applications - ID6783
18/02/2025,1234.42,Transfer from Implement leading - ID9811
10/02/2025,3775.81,Received from Architect innovative applications - ID1490
12/03/2025,2893.69,Transfer from Facilitate bleeding - ID1718
27/02/2025,2509.44,Received from Re - ID2209
12/03/2025,3344.65,Paid to Empower revolutionary deliverables - ID2179
21/02/2025,1533.83,Credit of Facilitate dot - ID5919
27/03/2025,4190.32,Payment to Streamline virtual e - ID3781
13/04/2025,2446.89,Payment to Iterate revolutionary mindshare - ID1740
03/05/2025,2523.8,Received from Strategize e - ID9798
04/05/2025,4971.9800000000005,Credit of Implement killer vortals - ID6250
31/03/2025,2091.29,Transfer from Engineer b2b methodologies - ID5274
12/03/2025,4885.48,Transfer from Re - ID7751
08/02/2025,2558.87,Paid to Seize transparent methodologies - ID5865
16/04/2025,4691.72,Transfer from Productize end - ID2050
07/05/2025,3220.08,Payment to Re - ID7691
11/02/2025,3987.04,Credit of Unleash cutting - ID8905
07/04/2025,1168.4,Credit of Exploit value - ID5377
30/04/2025,847.01,Paid to Disintermediate b2c niches - ID5443
04/05/2025,2041.27,Transfer from Benchmark interactive action - ID9140
25/04/2025,2784.82,Credit of Harness rich e - ID7597
29/03/2025,1706.77,Received from Syndicate customized models - ID1017
24/02/2025,4972.6,Payment to Synergize robust interfaces - ID2139
14/02/2025,4451.4800000000005,Paid to Repurpose extensible eyeballs - ID3514
18/02/2025,3214.73,Received from Mesh one - ID3295
15/03/2025,1196.6899999999998,Payment to Synthesize distributed e - ID5019
10/04/2025,1301.08,Credit of Extend granular action - ID6023
19/04/2025,2423.75,Credit of Syndicate sticky synergies - ID4682
16/02/2025,700.61,Credit of Redefine bleeding - ID5132
09/04/2025,815.14,Payment to Syndicate transparent initiatives - ID1737
22/03/2025,1409.6999999999998,Transfer from Expedite user - ID4750
16/03/2025,4010.8900000000003,Payment to Integrate global infrastructures - ID1880
22/04/2025,846.07,Received from Orchestrate visionary interfaces - ID8623
04/03/2025,2189,Received from Scale b2b metrics - ID4208
16/02/2025,4890.45,Payment to Scale cutting - ID4624
08/04/2025,3800.78,Received from Matrix b2c methodologies - ID7161
19/02/2025,3745.08,Credit of Harness holistic solutions - ID3000
26/04/2025,1471.07,Credit of Streamline visionary content - ID3478
14/02/2025,1332.92,Payment to Repurpose enterprise deliverables - ID4691
04/03/2025,3524.3,Credit of Engage best - ID2827
02/04/2025,1339.1699999999998,Payment to Matrix value - ID8422
04/04/2025,3265.62,Transfer from Re - ID1947
14/04/2025,3058.48,Received from Integrate back - ID2532
15/03/2025,969.11,Received from Benchmark scalable functionalities - ID5209
14/04/2025,632.26,Paid to Embrace next - ID8978
05/04/2025,3086.34,Received from Incentivize frictionless e - ID3523
14/04/2025,4451.79,Payment to E - ID4479
07/05/2025,436.97,Payment to Engineer front - ID5132
26/04/2025,157.83,Credit of Enhance open - ID3786
27/03/2025,2203.11,Paid to Orchestrate enterprise users - ID2785
11/03/2025,4723.7,Paid to Incubate scalable technologies - ID5112
02/05/2025,2931.58,Transfer from Grow transparent roi - ID3500
26/04/2025,3638.8399999999997,Transfer from Synergize rich initiatives - ID4943
22/03/2025,742.29,Payment to Cultivate best - ID6947
04/04/2025,1835.89,Credit of Redefine rich communities - ID5263
13/02/2025,968.0500000000001,Payment to Engineer e - ID9502
20/02/2025,1289.06,Credit of Unleash innovative experiences - ID8461
26/04/2025,311.48,Payment to Evolve distributed eyeballs - ID5213
08/02/2025,3266.4199999999996,Transfer from Embrace e - ID8534
24/03/2025,1995.1799999999998,Received from Synthesize one - ID3259
05/03/2025,486,Transfer from Strategize next - ID6892
06/02/2025,2819.14,Received from Harness front - ID5232
15/02/2025,3617.93,Payment to Evolve cutting - ID9777
27/04/2025,3836.27,Credit of Morph open - ID1014
26/04/2025,3236.75,Payment to Drive plug - ID7963
02/04/2025,4465.82,Transfer from Syndicate cross - ID9287
05/05/2025,4268.84,Credit of Repurpose turn - ID8771
04/05/2025,3283.42,Paid to Architect end - ID7083
01/03/2025,1704.6000000000001,Received from Incentivize virtual supply - ID9089
18/04/2025,1771.56,Credit of Incubate one - ID1315
21/03/2025,1317.1799999999998,Paid to Seize transparent metrics - ID4842
14/02/2025,1489.82,Received from Engage leading - ID2775
02/05/2025,4303.26,Payment to Visualize plug - ID8852
17/04/2025,3376.1499999999996,Received from Target innovative functionalities - ID7075
14/04/2025,4280.13,Credit of Deploy sticky communities - ID6817
07/03/2025,4830.7300000000005,Credit of Redefine back - ID1834
25/04/2025,4694.26,Credit of Iterate open - ID5320
28/04/2025,1758,Transfer from Architect ubiquitous communities - ID5830
18/03/2025,3609.35,Credit of Generate 24/7 convergence - ID5498
06/05/2025,100.2,Credit of Monetize open - ID5426
12/03/2025,1428.25,Paid to Morph viral synergies - ID5673
19/02/2025,2878.6,Credit of Enable synergistic platforms - ID6394
10/03/2025,777.64,Paid to Brand b2b info - ID3450
31/03/2025,1642.32,Received from Innovate enterprise web services - ID4159
06/05/2025,3712.52,Paid to Re - ID3121
21/02/2025,1489.42,Paid to Expedite collaborative deliverables - ID5529
28/02/2025,731.81,Payment to Iterate e - ID8622
14/04/2025,783.66,Credit of Streamline interactive initiatives - ID3457
05/05/2025,4155.45,Received from Monetize frictionless architectures - ID4067
06/02/2025,4369.66,Payment to Deploy back - ID1500
27/02/2025,3447.23,Credit of Monetize b2b mindshare - ID5719
24/04/2025,2862.21,Received from Orchestrate value - ID5870
11/04/2025,1431.68,Payment to Repurpose integrated portals - ID9137
12/02/2025,4578.2,Transfer from Incentivize dot - ID7215
03/03/2025,2664.0499999999997,Payment to Disintermediate innovative interfaces - ID4019
14/03/2025,1209.51,Credit of Benchmark killer e - ID8654
08/04/2025,3722.4700000000003,Credit of Redefine dynamic supply - ID8554
30/03/2025,2530.69,Credit of Mesh extensible eyeballs - ID7466
26/03/2025,1858.85,Received from Generate visionary experiences - ID2979
26/03/2025,4578.25,Received from Empower plug - ID5407
01/05/2025,787.18,Transfer from Cultivate enterprise convergence - ID3563
31/03/2025,3763.61,Credit of Incubate out - ID3644
26/02/2025,190.8,Received from Utilize global markets - ID1424
18/03/2025,2532,Credit of Architect bricks - ID3235
17/04/2025,820.97,Transfer from Cultivate back - ID3184
08/03/2025,2181.83,Received from Generate clicks - ID1528
06/02/2025,474.16,Transfer from Drive front - ID9819
04/04/2025,4174.76,Transfer from Monetize granular markets - ID2548
06/03/2025,558.15,Received from Cultivate proactive technologies - ID9752
16/04/2025,1700.87,Received from Generate ubiquitous channels - ID9684
30/04/2025,885.79,Paid to Disintermediate bleeding - ID9454
23/04/2025,2779.3300000000004,Received from Revolutionize intuitive content - ID1387
22/03/2025,2616.96,Payment to Deliver virtual applications - ID7841
25/02/2025,4382.86,Paid to Embrace next - ID6450
22/02/2025,2057.83,Transfer from Evolve customized e - ID3641
05/05/2025,4896.910000000001,Received from Utilize enterprise roi - ID9040
05/03/2025,2908.49,Paid to Visualize enterprise platforms - ID7505
03/03/2025,3039.36,Paid to Architect enterprise partnerships - ID3818
17/02/2025,2433.5699999999997,Paid to Integrate world - ID6056
25/03/2025,2644.84,Received from Morph seamless relationships - ID1353
17/04/2025,1539.26,Transfer from Orchestrate seamless infrastructures - ID8023
09/05/2025,2340.93,Transfer from Extend mission - ID5690
15/04/2025,2803.7,Transfer from E - ID2522
02/04/2025,1622.49,Credit of Utilize collaborative markets - ID4532
11/03/2025,823.75,Transfer from Brand visionary channels - ID1923
14/02/2025,4814.04,Payment to Morph magnetic niches - ID3987
08/02/2025,2104.97,Credit of Revolutionize proactive technologies - ID6230
24/04/2025,671.9,Paid to Benchmark transparent vortals - ID6798
18/02/2025,4513.08,Payment to Strategize integrated schemas - ID3477
04/05/2025,279.19,Received from Iterate seamless web services - ID1726
05/03/2025,1752.76,Credit of Transition world - ID3744
19/02/2025,3083.5499999999997,Credit of Syndicate cross - ID8733
07/03/2025,3531.82,Credit of Drive frictionless metrics - ID6899
10/03/2025,1554.25,Received from Deliver integrated networks - ID2227
02/05/2025,3034.7999999999997,Transfer from Implement real - ID4747
01/04/2025,2257.0800000000004,Payment to Generate best - ID9395
30/03/2025,2879.9399999999996,Credit of Mesh real - ID1642
26/03/2025,1632.6299999999999,Payment to Leverage cross - ID3926
12/02/2025,560.8000000000001,Payment to Mesh wireless e - ID6829
17/04/2025,2734.33,Transfer from Harness plug - ID5588
24/04/2025,3012.52,Received from Extend transparent methodologies - ID3997
13/03/2025,3895.71,Credit of Whiteboard magnetic content - ID8995
19/04/2025,1649.07,Received from Incubate granular convergence - ID8382
19/02/2025,2036.08,Payment to Utilize back - ID6315
16/03/2025,1214.15,Credit of Incubate 24/365 solutions - ID3928
17/04/2025,1879.83,Transfer from Engage next - ID4305
24/04/2025,371.90000000000003,Transfer from Maximize b2b architectures - ID2668
29/04/2025,4891.77,Credit of Empower real - ID3819
20/04/2025,637.47,Received from Engineer real - ID3759
09/05/2025,4426.81,Credit of Whiteboard transparent partnerships - ID5318
28/04/2025,1191.8600000000001,Transfer from Syndicate synergistic e - ID3606
18/03/2025,3859.81,Received from Harness distributed bandwidth - ID3933
17/03/2025,2343.5499999999997,Paid to Leverage strategic initiatives - ID5336
18/02/2025,3866.71,Transfer from Deploy next - ID2661
17/02/2025,3965.09,Transfer from Matrix seamless schemas - ID6585
13/02/2025,3513.2999999999997,Transfer from Productize turn - ID5430
12/04/2025,1220.6699999999998,Transfer from Envisioneer magnetic vortals - ID6858
02/03/2025,2586.64,Credit of Synergize compelling action - ID9852
13/02/2025,4995.02,Payment to Re - ID7971
10/04/2025,1667.46,Paid to Integrate open - ID6762
30/03/2025,2725.6,Payment to Incentivize transparent relationships - ID4630
10/02/2025,2009.83,Payment to Enhance rich niches - ID1150
11/02/2025,3589.73,Credit of Leverage killer methodologies - ID6738
18/04/2025,3378.49,Paid to Incentivize robust eyeballs - ID5931
31/03/2025,4832.69,Credit of Embrace killer metrics - ID7565
13/03/2025,2322.0099999999998,Received from Redefine user - ID1329
07/05/2025,4065.3300000000004,Credit of Leverage virtual bandwidth - ID2323
16/02/2025,1989.16,Transfer from Repurpose cross - ID3841
07/05/2025,443.14,Payment to Productize ubiquitous relationships - ID1678
20/04/2025,113.43,Payment to Harness customized eyeballs - ID6174
24/03/2025,3315.32,Received from Repurpose collaborative synergies - ID3193
15/03/2025,4447.7300000000005,Credit of Synergize visionary infrastructures - ID5132
08/03/2025,3873.44,Payment to Whiteboard dot - ID2581
30/03/2025,2224.44,Payment to Matrix killer web - ID7488
02/03/2025,3220.94,Paid to Re - ID3702
19/02/2025,347.66,Transfer from Enable robust paradigms - ID5620
07/03/2025,1128.91,Transfer from Productize user - ID5922
22/03/2025,1679.01,Payment to Monetize strategic technologies - ID8011
10/02/2025,2806.9399999999996,Received from Transform customized initiatives - ID4631
28/03/2025,1466.48,Paid to Empower back - ID7540
07/05/2025,4566.88,Received from Leverage web - ID3313
10/03/2025,3542.2599999999998,Transfer from Engineer innovative e - ID5195
02/05/2025,2914.81,Payment to Disintermediate sticky channels - ID4986
02/04/2025,1953.28,Received from Seize plug - ID1265
02/03/2025,2872.25,Paid to Engage intuitive e - ID9404
30/03/2025,2473.3199999999997,Credit of Envisioneer cutting - ID2754
10/02/2025,3602.2599999999998,Credit of Redefine turn - ID3640
21/04/2025,2489.88,Paid to Incentivize dynamic models - ID2589
28/03/2025,3681.6,Paid to Orchestrate holistic experiences - ID4167
13/04/2025,4562.09,Credit of Evolve transparent solutions - ID9331
06/04/2025,3164.84,Received from Innovate dot - ID6571
21/02/2025,4598.45,Transfer from Cultivate sticky schemas - ID9171
03/04/2025,1773.3899999999999,Credit of Strategize innovative systems - ID4945
24/03/2025,4109.6,Received from Enhance virtual action - ID1642
15/03/2025,3045.24,Transfer from Synergize transparent interfaces - ID1688
07/03/2025,149.66,Paid to Visualize bleeding - ID5646
16/03/2025,1064.56,Credit of Grow wireless info - ID1403
07/03/2025,3290.33,Payment to Embrace end - ID3858
28/03/2025,3495.54,Transfer from Generate innovative mindshare - ID8149
04/04/2025,4116.66,Transfer from Enable plug - ID3765
25/04/2025,277.03000000000003,Credit of Facilitate cutting - ID7436
23/04/2025,1094.76,Payment to Reinvent bleeding - ID4695
11/03/2025,2703.86,Received from Iterate robust networks - ID7214
14/03/2025,4016.1200000000003,Transfer from Enable revolutionary markets - ID8156
12/02/2025,3964.95,Payment to Incubate out - ID9445
04/03/2025,4506.04,Payment to Innovate out - ID8074
25/02/2025,2831.51,Credit of Extend open - ID5744
01/05/2025,4223.08,Payment to Engineer vertical models - ID4122
01/03/2025,3475.0499999999997,Credit of Empower bleeding - ID6606
21/03/2025,4629.43,Payment to Orchestrate granular e - ID5452
26/03/2025,2848.51,Paid to Enhance integrated methodologies - ID5341
01/04/2025,4621.92,Paid to Target scalable e - ID7807
05/05/2025,1028.32,Transfer from Embrace extensible mindshare - ID1351
06/05/2025,616.74,Payment to Cultivate best - ID6258
28/03/2025,2573.15,Received from Engage cross - ID4334
22/03/2025,2996.18,Transfer from Streamline synergistic models - ID3864
09/04/2025,3774.1600000000003,Paid to Syndicate value - ID2925
15/02/2025,3962.25,Received from Expedite 24/365 synergies - ID3038
05/04/2025,1856.73,Credit of Incubate turn - ID7279
07/05/2025,2720.8,Credit of Harness seamless bandwidth - ID5091
15/02/2025,4182.44,Paid to Facilitate robust architectures - ID1180
29/03/2025,935.09,Credit of Productize web - ID1225
08/05/2025,4580.68,Paid to Re - ID7057
30/03/2025,4033.16,Payment to Benchmark end - ID7595
26/03/2025,2770.96,Transfer from Revolutionize transparent vortals - ID7621
20/03/2025,2190.44,Received from Brand plug - ID9327
04/03/2025,1231.2,Transfer from Scale cutting - ID8052
08/04/2025,3486.74,Transfer from Benchmark dynamic markets - ID7316
22/03/2025,2526.99,Received from Target open - ID8375
06/03/2025,197.44,Credit of Utilize bleeding - ID4703
17/03/2025,1195.81,Payment to Reinvent plug - ID6228
03/04/2025,4394.54,Transfer from Envisioneer transparent web services - ID6661
07/04/2025,1879.71,Payment to Scale viral technologies - ID9670
09/04/2025,2141.46,Received from Brand clicks - ID2385
11/03/2025,4981.88,Payment to Incubate robust platforms - ID2404
12/02/2025,3649.94,Transfer from Enhance web - ID2201
03/05/2025,3213.83,Received from Maximize value - ID8317
20/02/2025,3632.78,Transfer from Seize compelling metrics - ID1318
06/04/2025,2982.51,Payment to Aggregate holistic systems - ID9076
20/02/2025,2288.43,Received from Optimize next - ID3561
19/03/2025,3420.73,Credit of Transform back - ID6191
27/02/2025,3657.05,Transfer from Reinvent dynamic web services - ID9390
11/03/2025,4074.79,Received from Extend out - ID3832
03/04/2025,4732.66,Received from Revolutionize seamless e - ID8693
10/04/2025,2264.97,Credit of Synthesize customized portals - ID8888
13/04/2025,4273.72,Received from Generate e - ID2188
29/04/2025,2873.6800000000003,Payment to Optimize e - ID6699
02/03/2025,3265.7999999999997,Transfer from Visualize transparent portals - ID7651
07/05/2025,3433.2000000000003,Credit of Facilitate intuitive relationships - ID8913
01/03/2025,214.99,Paid to Scale bleeding - ID2171
25/04/2025,1801.75,Received from Mesh viral web services - ID6993
29/04/2025,3469.92,Payment to Mesh out - ID7497
25/04/2025,3839.91,Received from Repurpose vertical applications - ID4801
30/04/2025,2841.7,Payment to Implement efficient vortals - ID5030
26/03/2025,4071.53,Payment to Extend bleeding - ID5527
04/03/2025,1240.07,Paid to Generate efficient experiences - ID5043
07/04/2025,4594.04,Transfer from Transform mission - ID9089
10/02/2025,3409.6899999999996,Transfer from Exploit real - ID2457
18/04/2025,1352.52,Received from Revolutionize leading - ID9648
17/04/2025,4021.78,Credit of Strategize cross - ID4811
14/03/2025,1950.7,Payment to Deploy strategic platforms - ID7033
15/02/2025,568.19,Transfer from Deploy virtual initiatives - ID7658
13/02/2025,1128.91,Transfer from Revolutionize plug - ID7935
20/03/2025,4143.6,Payment to Harness back - ID9459
05/03/2025,2590.51,Paid to Scale cutting - ID4761
10/04/2025,1518.36,Payment to Innovate back - ID9148
12/02/2025,2418.02,Received from Generate front - ID8415
08/04/2025,1126.34,Received from Visualize clicks - ID3025
27/04/2025,4489.51,Received from Optimize real - ID9047
03/05/2025,2671.98,Paid to Envisioneer leading - ID9087
05/03/2025,4414.54,Paid to Expedite granular applications - ID1212
16/04/2025,3968.17,Credit of Engineer front - ID3183
19/04/2025,299.04,Credit of Deploy next - ID8036
24/04/2025,2364.96,Paid to Exploit web - ID1922
10/03/2025,2579.48,Credit of Syndicate visionary solutions - ID3288
18/04/2025,2556.39,Credit of Leverage mission - ID6625
19/04/2025,3134.0499999999997,Paid to Implement synergistic content - ID7403
30/04/2025,1445.52,Transfer from Transition front - ID1273
07/03/2025,4116.95,Credit of Exploit holistic e - ID7711
29/04/2025,4285.03,Credit of Synergize back - ID8738
05/04/2025,1060.94,Credit of Integrate leading - ID7023
15/02/2025,4122.22,Paid to Brand plug - ID4366
20/02/2025,1570.6799999999998,Transfer from Orchestrate wireless models - ID2774
15/02/2025,553.72,Paid to Re - ID4627
22/02/2025,3207.21,Credit of Brand real - ID1884
01/04/2025,2312.12,Transfer from Repurpose rich initiatives - ID6125
29/03/2025,4382.1900000000005,Payment to Harness revolutionary niches - ID2779
09/02/2025,834.44,Paid to Re - ID7632
20/04/2025,3454.18,Payment to E - ID9313
03/03/2025,622.87,Credit of Orchestrate bleeding - ID2379
09/03/2025,4954.16,Credit of Synthesize magnetic web - ID8016
06/03/2025,308.29,Transfer from E - ID7757
26/02/2025,1197.43,Credit of Matrix out - ID5541
30/04/2025,4441.990000000001,Payment to Seize cross - ID9155
29/04/2025,1698.35,Paid to Redefine cross - ID9637
17/03/2025,4353,Payment to Syndicate innovative bandwidth - ID7397
09/03/2025,3008.1,Credit of Reinvent collaborative mindshare - ID1090
23/04/2025,3812.09,Credit of Harness cross - ID8026
13/02/2025,4714.92,Credit of Revolutionize world - ID6937
21/04/2025,3146.57,Paid to Facilitate sticky e - ID2062
30/03/2025,2922.7999999999997,Paid to Exploit intuitive e - ID9729
26/03/2025,3441.8399999999997,Transfer from Enhance dynamic content - ID7240
12/02/2025,2375.5,Paid to Revolutionize innovative paradigms - ID5914
25/03/2025,1192.42,Payment to Leverage dynamic initiatives - ID2430
11/04/2025,4202.75,Paid to Synthesize cutting - ID8046
14/02/2025,3695.85,Credit of Orchestrate next - ID7575
31/03/2025,3221.56,Credit of Innovate distributed solutions - ID5319
11/02/2025,994.14,Payment to Grow scalable info - ID1486
18/04/2025,393.58000000000004,Received from Matrix bleeding - ID8295
30/03/2025,3392.92,Transfer from Generate seamless e - ID4579
18/04/2025,900.97,Payment to Synergize 24/365 functionalities - ID1432
01/05/2025,3334.2799999999997,Received from Utilize cutting - ID7746
19/03/2025,3489.39,Transfer from Monetize ubiquitous convergence - ID8045
19/02/2025,4854.74,Credit of Expedite front - ID7625
24/04/2025,2111.49,Received from Drive one - ID8808
19/04/2025,1184.6000000000001,Payment to Unleash interactive interfaces - ID8424
16/03/2025,4558.88,Credit of Engineer dot - ID4798
24/02/2025,2023.26,Received from Benchmark 24/7 systems - ID4741
24/03/2025,4489.17,Credit of Repurpose best - ID2596
23/04/2025,3724.38,Credit of Monetize best - ID7180
14/02/2025,1482.31,Received from Exploit compelling action - ID2708
02/03/2025,3226.69,Transfer from Transform synergistic networks - ID8118
21/04/2025,1878.28,Received from Architect turn - ID7634
15/02/2025,2385,Payment to Aggregate e - ID2089
23/02/2025,2768.7599999999998,Transfer from Re - ID2542
09/03/2025,3178.74,Paid to Generate impactful interfaces - ID1338
26/04/2025,2769.94,Transfer from Grow compelling systems - ID2196
13/03/2025,3602.36,Credit of Embrace user - ID1103
09/02/2025,1596.37,Paid to Re - ID8390
22/02/2025,4584.8,Credit of Enable killer info - ID2966
12/03/2025,3036.99,Paid to Re - ID5835
26/03/2025,1582.82,Transfer from Synthesize front - ID3614
19/03/2025,2681.86,Paid to Facilitate intuitive web - ID1321
27/03/2025,2141.19,Credit of Innovate interactive paradigms - ID9699
08/05/2025,3171.95,Paid to Seize world - ID8174
28/03/2025,4063.8399999999997,Received from Utilize turn - ID9143
09/04/2025,1065.79,Transfer from Drive visionary architectures - ID7881
27/03/2025,2680.99,Received from Deliver user - ID8258
26/02/2025,4577.85,Credit of Embrace bricks - ID4363
16/04/2025,3589.5499999999997,Received from Syndicate back - ID9659
24/02/2025,1611.26,Payment to Scale visionary supply - ID1899
09/03/2025,3295.96,Transfer from Deliver granular eyeballs - ID9312
24/02/2025,863.87,Received from Whiteboard holistic info - ID3398
03/04/2025,2334.38,Received from Incubate frictionless markets - ID8689
18/04/2025,2475.01,Paid to Transform transparent bandwidth - ID2739
07/02/2025,3904.99,Credit of Enhance interactive info - ID5660
06/03/2025,2098.32,Transfer from Orchestrate bleeding - ID1753
02/03/2025,4389.360000000001,Received from Innovate revolutionary methodologies - ID1471
17/03/2025,4542.93,Credit of Generate plug - ID9462
18/02/2025,4598.21,Received from Architect real - ID5941
05/04/2025,2897.87,Credit of Iterate efficient networks - ID1340
15/02/2025,3131.53,Transfer from Orchestrate scalable supply - ID8555
14/03/2025,220.65,Credit of Brand visionary e - ID1334
03/05/2025,4047.0099999999998,Received from Architect open - ID8433
19/03/2025,897.01,Received from Deliver back - ID8320
08/03/2025,3749.91,Credit of Synthesize ubiquitous networks - ID9448
08/03/2025,4869.25,Credit of Iterate dot - ID2306
03/05/2025,3869.78,Received from Re - ID8413
26/02/2025,2513.5600000000004,Transfer from Transform synergistic communities - ID6137
24/02/2025,2637.44,Paid to Transition strategic interfaces - ID6577
21/02/2025,4362.92,Received from Maximize revolutionary schemas - ID6813
28/02/2025,518.22,Transfer from Streamline customized e - ID5381
16/02/2025,1213.79,Received from Mesh best - ID6533
27/03/2025,2041.96,Credit of Harness 24/365 platforms - ID7351
03/05/2025,360.66,Payment to Repurpose 24/365 e - ID6838
13/02/2025,3357.74,Received from Unleash customized e - ID1200
04/05/2025,3588.3199999999997,Credit of Leverage back - ID9866
29/03/2025,2403.96,Payment to Aggregate e - ID7739
22/02/2025,3542.61,Payment to Strategize impactful models - ID7247
15/03/2025,1616.73,Transfer from Unleash bleeding - ID8905
30/04/2025,3215.69,Paid to Harness end - ID7546
23/02/2025,567.6500000000001,Credit of Brand next - ID4278
22/03/2025,3362.6400000000003,Paid to Syndicate dot - ID5896
21/04/2025,3204.48,Credit of Evolve vertical info - ID2709
11/04/2025,1308.99,Paid to Aggregate plug - ID4952
11/02/2025,1507.22,Transfer from Strategize efficient web - ID9012
13/03/2025,2653.18,Transfer from Incentivize end - ID8403
27/04/2025,549.94,Received from Engage b2c action - ID5788
15/03/2025,327.26,Transfer from Streamline open - ID5204
26/03/2025,1660.9,Paid to Exploit rich systems - ID1674
25/03/2025,1190.47,Received from Transform visionary metrics - ID2622
23/02/2025,1992.62,Payment to Enhance synergistic partnerships - ID6936
26/04/2025,1554.84,Credit of Aggregate vertical metrics - ID9018
19/02/2025,3338.17,Received from Engage mission - ID2447
21/04/2025,4927.9,Paid to Incentivize next - ID2379
23/04/2025,4579.95,Received from Drive impactful interfaces - ID5648
15/04/2025,3125.66,Paid to Re - ID6942
02/04/2025,626.3299999999999,Credit of Monetize b2c applications - ID5732
22/04/2025,385.95000000000005,Transfer from Envisioneer leading - ID9588
06/03/2025,146.87,Received from Transform viral functionalities - ID4339
01/04/2025,1341.75,Received from Expedite mission - ID9058
06/02/2025,474.52,Received from Streamline global platforms - ID8354
02/04/2025,1032.24,Payment to Enable open - ID4343
10/02/2025,1474.42,Received from Envisioneer open - ID7900
12/04/2025,2107.76,Received from Brand proactive content - ID9576
05/05/2025,489.84,Transfer from Utilize plug - ID2326
23/03/2025,304.5,Transfer from Matrix vertical info - ID8998
25/04/2025,1514.9099999999999,Payment to Brand intuitive schemas - ID3576
21/02/2025,4257.12,Paid to Incubate cross - ID7596
14/02/2025,4125.75,Payment to Benchmark distributed initiatives - ID8871
11/02/2025,2121.32,Payment to Embrace cross - ID6399
29/04/2025,1009.43,Paid to Enhance front - ID2450
18/03/2025,3400.2999999999997,Payment to Matrix holistic initiatives - ID7015
03/05/2025,3719.4100000000003,Paid to Syndicate web - ID8752
22/03/2025,3266.4399999999996,Transfer from Strategize global convergence - ID4358
12/02/2025,2516.21,Credit of Morph revolutionary applications - ID1489
08/05/2025,1169.53,Credit of Drive intuitive eyeballs - ID3953
14/03/2025,4963.52,Transfer from Synergize integrated users - ID1304
27/03/2025,1700.21,Received from Morph compelling methodologies - ID4705
06/03/2025,2795.2999999999997,Paid to Implement b2b functionalities - ID5411
16/02/2025,4024.1,Payment to Embrace frictionless models - ID7687
19/03/2025,2518.4700000000003,Payment to Utilize cross - ID5481
08/03/2025,1463.24,Received from Embrace wireless e - ID2969
21/02/2025,4649.43,Payment to Re - ID6931
22/04/2025,1620.23,Credit of Engineer vertical roi - ID2847
30/04/2025,2286.14,Payment to Implement cross - ID1699
23/03/2025,1711.01,Paid to Incentivize enterprise mindshare - ID2313
29/04/2025,467.32,Received from Transform dynamic paradigms - ID1272
28/04/2025,4127.63,Transfer from Matrix b2c web - ID4685
07/03/2025,2282.5099999999998,Paid to Iterate revolutionary networks - ID4264
22/02/2025,1220.89,Transfer from Empower end - ID1490
19/02/2025,4423.47,Transfer from Benchmark compelling synergies - ID3499
15/04/2025,4725.62,Credit of Orchestrate interactive applications - ID1721
30/04/2025,4607.5,Received from Extend scalable supply - ID1002
22/02/2025,4053.16,Paid to Incubate enterprise partnerships - ID5613
29/03/2025,4606.6,Credit of Utilize synergistic e - ID5808
07/03/2025,3029.79,Payment to Re - ID3630
13/02/2025,1357.04,Transfer from Mesh synergistic applications - ID6080
19/02/2025,3276.25,Payment to Extend scalable schemas - ID1488
18/03/2025,2200.72,Received from Cultivate enterprise metrics - ID6170
23/04/2025,1241.61,Credit of Disintermediate out - ID5243
03/03/2025,1546.62,Transfer from Strategize mission - ID4751
26/02/2025,3613.6,Paid to Iterate global applications - ID9365
29/03/2025,367.14,Transfer from Optimize 24/7 portals - ID9529
10/03/2025,4814.97,Received from Integrate visionary synergies - ID3392
17/03/2025,149.54,Paid to Enable scalable interfaces - ID7657
08/03/2025,3404.22,Transfer from Redefine killer web - ID8629
13/03/2025,3373.5600000000004,Paid to Iterate dynamic architectures - ID1929
09/04/2025,3182.7400000000002,Transfer from Engage world - ID9702
11/04/2025,1268.6399999999999,Received from Synthesize impactful eyeballs - ID9342
14/04/2025,1348.28,Credit of Disintermediate interactive relationships - ID4479
18/04/2025,2219.24,Payment to Generate plug - ID2167
02/05/2025,1001.93,Paid to Enable global content - ID6660
21/04/2025,4755.27,Paid to Leverage leading - ID4599
01/05/2025,1003.5400000000001,Paid to Maximize mission - ID5842
24/04/2025,3212.78,Received from Integrate end - ID5576
03/03/2025,4931.360000000001,Paid to Visualize best - ID2310
06/04/2025,2995.1000000000004,Credit of Implement synergistic niches - ID5485
13/02/2025,4253.71,Payment to Morph b2c models - ID3720
20/02/2025,3798.12,Payment to Incubate revolutionary models - ID4196
20/02/2025,1741.35,Transfer from Orchestrate ubiquitous web - ID5075
20/02/2025,2857.31,Paid to Unleash plug - ID7206
15/03/2025,1132.8,Payment to Exploit ubiquitous convergence - ID3638
05/05/2025,2355.58,Credit of Syndicate b2b e - ID9167
17/03/2025,1853.41,Payment to Target robust roi - ID6569
11/02/2025,1844.3,Credit of Incentivize open - ID2498
13/04/2025,3572.35,Paid to Redefine user - ID6384
17/04/2025,4496.96,Transfer from Synthesize frictionless info - ID4497
15/02/2025,2880.62,Paid to Transition b2b e - ID4014
03/04/2025,1758.75,Paid to Brand back - ID7665
13/02/2025,3114.3199999999997,Credit of Leverage 24/365 synergies - ID9304
17/02/2025,1747.44,Payment to Engage bleeding - ID2436
16/04/2025,495.74,Received from E - ID6737
26/03/2025,4456.09,Received from Redefine bricks - ID4958
01/05/2025,3315.32,Paid to Optimize seamless roi - ID6948
15/03/2025,4576.22,Credit of Innovate 24/365 deliverables - ID6844
28/03/2025,2880.74,Received from Integrate viral networks - ID4855
20/04/2025,1462.3899999999999,Received from Innovate end - ID3437
13/03/2025,4454.48,Received from Target b2c e - ID9647
08/02/2025,2297.67,Received from Productize out - ID8160
02/03/2025,613.81,Payment to Disintermediate turn - ID5625
19/03/2025,2742.92,Payment to Strategize global users - ID5185
04/05/2025,2461.93,Transfer from Drive enterprise communities - ID9209
31/03/2025,3095.75,Paid to Implement integrated applications - ID5259
02/03/2025,4344.52,Payment to Benchmark e - ID5008
21/03/2025,526.39,Payment to Iterate dot - ID1909
02/05/2025,4723.85,Credit of Aggregate bricks - ID5279
04/05/2025,1962.43,Received from Re - ID1823
02/05/2025,2205.49,Credit of Leverage web - ID2373
25/02/2025,3721.5499999999997,Transfer from Disintermediate bricks - ID7792
19/02/2025,3257.5,Transfer from Scale turn - ID2296
19/03/2025,2689.5800000000004,Credit of Maximize intuitive web - ID8155
12/02/2025,1919.8300000000002,Paid to Productize open - ID1367
09/03/2025,2712.25,Payment to Streamline dot - ID9826
30/03/2025,1971.07,Payment to Transform viral deliverables - ID8037
14/02/2025,4777.700000000001,Paid to Maximize ubiquitous partnerships - ID3674
02/03/2025,2564.23,Credit of Utilize e - ID5735
24/03/2025,1692.38,Transfer from Morph holistic partnerships - ID2612
14/03/2025,3076.31,Payment to Target cross - ID1646
02/03/2025,1177.65,Transfer from Repurpose innovative eyeballs - ID5875
26/04/2025,1740.57,Credit of Reinvent efficient convergence - ID7184
09/04/2025,610.61,Payment to Exploit one - ID7142
18/02/2025,366.54,Paid to Optimize one - ID1328
21/02/2025,142.52,Credit of Redefine plug - ID1886
28/02/2025,3329.36,Paid to Benchmark dynamic paradigms - ID6122
13/04/2025,2622.74,Paid to Deploy killer convergence - ID5088
28/04/2025,2045.1000000000001,Paid to Visualize back - ID7338
13/02/2025,1548.27,Credit of Repurpose innovative partnerships - ID7685
29/03/2025,3540.13,Payment to Syndicate enterprise web - ID5647
23/04/2025,3899.75,Payment to Cultivate enterprise convergence - ID5730
08/04/2025,1679.27,Paid to Transition open - ID9157
21/02/2025,3205.43,Paid to Monetize real - ID4297
23/03/2025,307.95,Received from Embrace innovative interfaces - ID4869
21/03/2025,3609.88,Transfer from Disintermediate 24/365 functionalities - ID3303
07/02/2025,2155.39,Credit of Grow b2c technologies - ID6557
28/03/2025,3723.2999999999997,Received from Brand robust functionalities - ID1414
21/04/2025,3216.2,Payment to Harness holistic networks - ID1739
15/02/2025,191.2,Paid to Re - ID5788
07/05/2025,1904.99,Transfer from E - ID1817
10/02/2025,4904.33,Payment to Matrix global functionalities - ID5470
27/04/2025,1246.41,Transfer from Syndicate wireless metrics - ID3897
18/04/2025,3282.55,Received from E - ID5654
23/04/2025,3025.16,Credit of Redefine mission - ID5043
25/03/2025,3784.09,Payment to Syndicate magnetic vortals - ID3195
14/04/2025,3904.97,Paid to Morph visionary experiences - ID4158
13/03/2025,3634.0699999999997,Transfer from Harness robust functionalities - ID1684
29/04/2025,934.41,Payment to Engineer customized bandwidth - ID3582
05/04/2025,2699.33,Credit of Optimize back - ID7958
09/02/2025,4292.75,Received from Leverage compelling architectures - ID1977
03/03/2025,4977.5199999999995,Payment to Embrace distributed e - ID9167
26/04/2025,4517.97,Payment to Whiteboard granular experiences - ID9624
11/02/2025,3924.2599999999998,Paid to Synthesize out - ID5500
30/04/2025,4477.139999999999,Paid to Embrace bricks - ID1914
22/04/2025,3727.95,Paid to Utilize leading - ID6863
02/03/2025,2771.61,Transfer from Envisioneer impactful web - ID4271
14/04/2025,3017.21,Paid to Re - ID8936
06/02/2025,2510.54,Transfer from Seize turn - ID3910
07/05/2025,4657.87,Credit of Visualize cross - ID7798
16/02/2025,3587.71,Payment to Extend e - ID1778
13/03/2025,3127.22,Credit of Synergize world - ID5223
05/04/2025,1915.3,Credit of Transform leading - ID9776
10/04/2025,960.62,Transfer from Enhance visionary action - ID6088
23/02/2025,2785.32,Transfer from Incubate transparent platforms - ID6256
29/04/2025,409.17,Payment to Redefine distributed mindshare - ID3506
12/04/2025,3735.9,Received from Envisioneer intuitive metrics - ID8419
21/02/2025,615.19,Paid to Incubate collaborative experiences - ID4945
30/04/2025,3828.98,Payment to Matrix cutting - ID8433
13/03/2025,3490.93,Received from Transition impactful applications - ID6675
18/03/2025,4451.68,Payment to Engineer revolutionary supply - ID8311
20/04/2025,227.77,Payment to Mesh open - ID2229
25/02/2025,4793.530000000001,Payment to Revolutionize ubiquitous info - ID5727
29/03/2025,1598.86,Received from Embrace value - ID7104
10/02/2025,4993.75,Payment to Iterate rich applications - ID7980
05/05/2025,4518.3,Transfer from Aggregate holistic functionalities - ID4558
06/05/2025,2964.21,Credit of Evolve cutting - ID1684
10/03/2025,1261.82,Received from Innovate magnetic portals - ID8656
27/02/2025,187.9,Credit of Redefine wireless supply - ID7823
03/05/2025,1731.22,Payment to Deliver proactive e - ID6087
28/02/2025,1897.1399999999999,Paid to Streamline user - ID1590
25/02/2025,1930.15,Received from Whiteboard efficient models - ID9780
31/03/2025,609.56,Received from Transform interactive e - ID1261
09/02/2025,1256,Payment to Evolve best - ID2270
26/04/2025,4059.94,Received from Implement e - ID9212
10/03/2025,2739.9700000000003,Payment to Expedite killer experiences - ID4004
12/03/2025,2153.51,Received from Grow revolutionary web - ID4105
19/02/2025,2000.7099999999998,Paid to Brand compelling applications - ID7373
19/03/2025,4572.4800000000005,Received from Harness 24/365 methodologies - ID9806
11/03/2025,1040.29,Transfer from Matrix value - ID8877
07/03/2025,3964.49,Paid to Drive 24/365 experiences - ID9403
04/04/2025,2691.25,Payment to Unleash compelling architectures - ID5786
02/03/2025,2975.58,Transfer from Target dot - ID8513
20/02/2025,1858.17,Received from Integrate 24/365 experiences - ID9788
19/04/2025,936.64,Received from Strategize synergistic users - ID8270
08/04/2025,1073.88,Paid to Scale granular infrastructures - ID5759
18/04/2025,4349.92,Paid to Brand global mindshare - ID7879
01/03/2025,1005.16,Transfer from Re - ID7697
13/03/2025,2295.22,Paid to Matrix world - ID8371
08/04/2025,4775.34,Payment to Empower 24/7 metrics - ID7514
26/02/2025,4262.25,Payment to E - ID5653
25/02/2025,2322.56,Payment to Aggregate innovative eyeballs - ID3425
09/02/2025,1649.3400000000001,Transfer from Maximize distributed functionalities - ID7976
18/03/2025,2766.05,Paid to Target enterprise niches - ID4703
05/04/2025,4365.91,Credit of Orchestrate transparent users - ID3291
12/02/2025,4676.63,Received from Enable cutting - ID5320
02/04/2025,3755.34,Paid to Seize killer solutions - ID5538
22/03/2025,530.0300000000001,Paid to Re - ID5954
17/02/2025,349.19,Credit of Integrate impactful networks - ID4324
11/04/2025,4463.429999999999,Transfer from Empower holistic platforms - ID3025
09/05/2025,3084.51,Payment to Aggregate sticky info - ID1723
24/04/2025,2127.86,Payment to Mesh turn - ID2207
17/02/2025,319.64,Received from Reinvent interactive infrastructures - ID4227
01/03/2025,4262.5,Credit of Leverage collaborative technologies - ID6799
21/02/2025,4779.030000000001,Received from Incentivize strategic web services - ID7990
11/04/2025,197.99,Transfer from Morph value - ID6451
04/04/2025,2465.8,Received from Drive distributed niches - ID4121
19/02/2025,2892.3799999999997,Credit of Deliver scalable users - ID7725
08/02/2025,510.96000000000004,Credit of Embrace 24/365 initiatives - ID4023
18/04/2025,1164.65,Credit of Enable innovative e - ID9639
06/03/2025,1630.25,Paid to Unleash frictionless experiences - ID7457
19/04/2025,4541.43,Credit of Redefine customized web - ID1906
16/02/2025,4546.52,Credit of Redefine open - ID8406
13/04/2025,4744.08,Payment to Matrix robust e - ID8659
07/02/2025,2179.68,Credit of Grow user - ID9626
07/02/2025,4066.02,Paid to Target holistic users - ID8643
24/04/2025,1418.61,Paid to Repurpose real - ID2312
03/04/2025,2148.35,Credit of Monetize magnetic convergence - ID8282
06/03/2025,3029.5099999999998,Paid to Scale bleeding - ID8691
21/02/2025,3363.98,Paid to Enhance strategic platforms - ID8035
25/04/2025,1967.28,Received from Monetize cross - ID8334
09/03/2025,1459.25,Received from Engineer intuitive functionalities - ID4244
01/03/2025,4517.73,Credit of Embrace leading - ID1092
28/04/2025,2596.5,Credit of Leverage extensible e - ID8988
26/03/2025,4390.78,Received from Reinvent enterprise e - ID4411
11/02/2025,2670.61,Payment to Drive 24/7 functionalities - ID7849
15/04/2025,3536.59,Credit of Scale ubiquitous convergence - ID9690
18/04/2025,1699.6699999999998,Received from Mesh magnetic info - ID9809
16/04/2025,3584.13,Credit of Transition holistic platforms - ID9217
11/03/2025,315.75,Payment to Morph bricks - ID2765
25/04/2025,4414.39,Transfer from Brand user - ID3398
22/02/2025,1113.9,Transfer from Orchestrate distributed networks - ID6153
25/03/2025,256.42,Transfer from Engage collaborative web services - ID3896
19/04/2025,4231.11,Paid to Seize synergistic architectures - ID4515
16/03/2025,3968.56,Payment to Scale collaborative interfaces - ID9958
20/03/2025,2722,Paid to Visualize one - ID5347
27/02/2025,180.47,Credit of Drive robust markets - ID4974
17/02/2025,3292.41,Received from Extend back - ID4163
08/02/2025,4602.42,Paid to Engineer mission - ID9606
22/02/2025,4984.04,Transfer from Brand out - ID9895
26/02/2025,3395.2799999999997,Transfer from Expedite front - ID1781
08/05/2025,1306.49,Transfer from Transform intuitive networks - ID3059
30/03/2025,4167.33,Credit of Matrix interactive models - ID3663
19/04/2025,2193.9300000000003,Credit of Envisioneer revolutionary methodologies - ID3352
25/04/2025,2460.6,Transfer from Innovate bricks - ID6272
28/03/2025,924.9,Payment to Unleash rich experiences - ID5774
03/05/2025,4495.26,Payment to Expedite visionary models - ID3696
09/03/2025,2731.92,Payment to Morph proactive eyeballs - ID2852
23/04/2025,1124.37,Paid to Transform web - ID9805
25/02/2025,4593.85,Paid to Repurpose b2c technologies - ID9510
11/02/2025,3967.5699999999997,Credit of Innovate compelling roi - ID8671
15/03/2025,2951.09,Transfer from Whiteboard rich niches - ID2002
25/02/2025,600.53,Credit of Embrace vertical e - ID5873
22/03/2025,4960.42,Credit of Strategize strategic architectures - ID6686
26/03/2025,3890.06,Received from Cultivate clicks - ID5257
18/02/2025,2792.0899999999997,Paid to Monetize bricks - ID2399
19/03/2025,855.75,Credit of Transition b2c technologies - ID9026
25/02/2025,1442.4,Credit of Exploit vertical e - ID7658
10/02/2025,2026.58,Credit of Enhance front - ID7291
21/03/2025,3246.91,Payment to Benchmark transparent synergies - ID5273
12/02/2025,925.04,Transfer from Facilitate revolutionary e - ID7442
26/04/2025,3638.96,Transfer from Target ubiquitous e - ID2610
19/02/2025,1463.54,Paid to Monetize best - ID5717
15/03/2025,2260.5,Paid to Aggregate rich systems - ID3764
30/03/2025,1294.23,Credit of Harness value - ID2675
06/03/2025,2869.25,Payment to Deploy leading - ID1210
05/05/2025,4054.25,Payment to Harness ubiquitous e - ID5847
01/03/2025,1801.35,Received from Repurpose world - ID3358
09/02/2025,4797.4,Paid to Seize dot - ID2796
17/02/2025,4849.900000000001,Credit of Redefine user - ID1312
16/04/2025,1013.75,Credit of Morph robust infrastructures - ID4431
21/04/2025,1248.43,Received from Envisioneer killer metrics - ID1762
15/02/2025,2475.78,Payment to Utilize strategic convergence - ID8487
08/02/2025,3832.31,Paid to Re - ID5211
26/02/2025,1856.72,Received from Extend clicks - ID7482
25/04/2025,851.9300000000001,Transfer from Transition synergistic e - ID4042
20/03/2025,1342.55,Credit of Reinvent bleeding - ID3195
24/04/2025,1119.62,Credit of Deploy integrated technologies - ID1607
25/02/2025,2322.19,Credit of Enhance out - ID9766
06/04/2025,701.64,Received from Engineer robust web - ID1341
28/03/2025,4139.85,Paid to Utilize wireless functionalities - ID1319
02/04/2025,3809.0899999999997,Received from Benchmark vertical networks - ID4805
01/05/2025,3360.3399999999997,Transfer from Brand plug - ID3510
21/03/2025,2769.53,Credit of Benchmark revolutionary functionalities - ID2842
27/03/2025,3051.21,Credit of Seize killer channels - ID7296
04/03/2025,3493.0299999999997,Received from Deploy vertical users - ID4886
22/03/2025,2430.41,Payment to Unleash impactful e - ID4092
20/04/2025,4943.38,Received from Cultivate back - ID3889
06/05/2025,1207.56,Received from Visualize wireless networks - ID8548
02/05/2025,3144.9500000000003,Received from Facilitate efficient functionalities - ID3030
28/03/2025,2719.13,Paid to Seize front - ID9270
08/04/2025,4836.01,Paid to Incubate best - ID4902
14/02/2025,2253.4,Credit of Empower cross - ID1339
19/02/2025,904.6,Credit of Synthesize mission - ID6556
11/04/2025,3020.26,Credit of Enable front - ID3698
01/04/2025,844.95,Paid to Orchestrate user - ID8799
22/02/2025,2513.16,Payment to E - ID7230
13/04/2025,1397.26,Payment to Generate turn - ID8840
10/03/2025,419.28000000000003,Payment to Enable e - ID3425
22/02/2025,109.11999999999999,Received from Benchmark transparent systems - ID1289
04/05/2025,359.36,Received from Target clicks - ID6714
10/04/2025,2958.63,Payment to Engineer end - ID3260
27/02/2025,503.32,Paid to Utilize b2c platforms - ID9327
21/02/2025,4410.8099999999995,Payment to Integrate integrated convergence - ID8661
24/02/2025,3544.02,Received from Extend efficient roi - ID2027
02/03/2025,2626.49,Paid to Target cutting - ID4347
25/02/2025,432.29,Paid to Drive intuitive paradigms - ID2499
14/03/2025,2646.63,Received from Disintermediate bleeding - ID1077
02/03/2025,500.72999999999996,Credit of Streamline global e - ID8236
31/03/2025,1472.01,Paid to Transform wireless vortals - ID1428
01/03/2025,1436.78,Received from Exploit vertical applications - ID4381
14/04/2025,1317.25,Credit of Deliver strategic action - ID8753
02/03/2025,276.18,Payment to Envisioneer turn - ID3593
09/03/2025,2456.35,Received from Re - ID1601
13/04/2025,2712.59,Transfer from Aggregate magnetic e - ID3433
10/02/2025,714.64,Transfer from Deploy vertical paradigms - ID7131
31/03/2025,485.09,Credit of Transform global communities - ID5803
08/02/2025,1069.45,Transfer from Transform web - ID9230
03/05/2025,4906.76,Received from Transition granular users - ID1564
17/03/2025,3211.48,Payment to Reinvent robust web services - ID9597
07/03/2025,1239.12,Credit of Synergize dot - ID3820
19/03/2025,164.14,Transfer from Syndicate web - ID7515
18/04/2025,3061.69,Paid to Orchestrate cross - ID9609
04/05/2025,4078.68,Payment to Aggregate extensible roi - ID9567
23/03/2025,3961.3399999999997,Paid to Embrace b2b e - ID4058
18/02/2025,1864.45,Paid to Disintermediate extensible convergence - ID4141
28/02/2025,3967.37,Payment to Strategize end - ID5984
30/03/2025,539.45,Paid to Cultivate robust e - ID3270
22/02/2025,738.75,Payment to Leverage cross - ID7142
30/03/2025,2741.7400000000002,Received from Extend real - ID3082
23/04/2025,3521.03,Paid to Scale user - ID5219
18/04/2025,1762.29,Credit of Incentivize efficient action - ID2038
03/03/2025,3414.4,Received from Engage extensible schemas - ID8323
29/03/2025,3084.11,Received from Scale innovative communities - ID4904
26/03/2025,4316.03,Received from Syndicate integrated channels - ID5755
